id,name,date,venue_id,event_order
400255729,UFC 1: The Beginning,1993-11-13T02:00:00.000+00:00,2549.0,1
400255726,UFC 2: No Way Out,1994-03-12T02:00:00.000+00:00,2546.0,2
400255721,UFC 3: The American Dream,1994-09-10T01:00:00.000+00:00,2814.0,3
400255719,UFC 4: Revenge of the Warriors,1994-12-17T02:00:00.000+00:00,3447.0,4
400255714,UFC 5: Return of the Beast,1995-04-08T01:00:00.000+00:00,241.0,5
400255712,UFC 6: Clash of the Titans,1995-07-15T01:00:00.000+00:00,3048.0,6
400255710,UFC 7: The Brawl in Buffalo,1995-09-09T01:00:00.000+00:00,2856.0,7
400255707,UFC: Ultimate Ultimate 95,1995-12-17T02:00:00.000+00:00,2546.0,8
400255705,UFC 8: David vs. Goliath,1996-02-17T02:00:00.000+00:00,3313.0,9
400255701,UFC 9: Motor City Madness,1996-05-18T01:00:00.000+00:00,2634.0,10
400255697,UFC 10: The Tournament,1996-07-13T01:00:00.000+00:00,2467.0,11
400255694,UFC 11: The Proving Ground,1996-09-21T01:00:00.000+00:00,2715.0,12
400255688,UFC: Ultimate Ultimate 96,1996-12-08T02:00:00.000+00:00,2467.0,13
400255685,UFC 12:  Judgement Day,1997-02-08T02:00:00.000+00:00,2470.0,14
400255678,UFC 13: The Ultimate Force,1997-05-31T01:00:00.000+00:00,2715.0,15
400255669,UFC 14:  Showdown,1997-07-28T01:00:00.000+00:00,2469.0,16
400255653,UFC 15: Collision Course,1997-10-18T01:00:00.000+00:00,2806.0,17
400255645,UFC - Ultimate Japan,1997-12-22T02:00:00.000+00:00,2251.0,18
400255637,UFC 16: Battle in the Bayou,1998-03-14T02:00:00.000+00:00,2627.0,19
400255629,UFC 17: Redemption,1998-05-16T01:00:00.000+00:00,326.0,20
400255609,UFC 17.5: Ultimate Brazil,1998-10-17T01:00:00.000+00:00,3385.0,21
400255591,UFC 18: The Road to the Heavyweight Title,1999-01-09T02:00:00.000+00:00,2627.0,22
400255576,UFC 19: Ultimate Young Guns,1999-03-06T02:00:00.000+00:00,2806.0,23
400255552,UFC 20: Battle for the Gold,1999-05-08T01:00:00.000+00:00,2469.0,24
400255529,UFC 21: Return of the Champions,1999-07-17T01:00:00.000+00:00,2740.0,25
400255511,UFC 22: There Can Be Only One Champion,1999-09-25T01:00:00.000+00:00,3390.0,26
400255493,UFC 23: Ultimate Japan 2,1999-11-20T02:00:00.000+00:00,2578.0,27
400255459,UFC 24: First Defense,2000-03-11T02:00:00.000+00:00,3390.0,28
400255445,UFC 25: Ultimate Japan 3,2000-04-15T01:00:00.000+00:00,2243.0,29
400255423,UFC 26: Ultimate Field of Dreams,2000-06-10T01:00:00.000+00:00,2730.0,30
400255377,UFC 27: Ultimate Bad Boyz,2000-09-23T01:00:00.000+00:00,,31
400255359,UFC 28: High Stakes,2000-11-18T02:00:00.000+00:00,2643.0,32
400255343,UFC 29: Defense of the Belts,2000-12-17T02:00:00.000+00:00,2580.0,33
400255324,UFC 30: The Battle on the Boardwalk,2001-02-24T02:00:00.000+00:00,2643.0,34
400255284,UFC 31: Locked & Loaded,2001-05-05T01:00:00.000+00:00,2643.0,35
400255263,UFC 32: Showdown in the Meadowlands,2001-06-30T01:00:00.000+00:00,2562.0,36
400255224,UFC 33: Victory in Vegas,2001-09-29T01:00:00.000+00:00,2233.0,37
400255208,UFC 34: High Voltage,2001-11-03T02:00:00.000+00:00,1403.0,38
400255174,UFC 35: Throwdown,2002-01-12T02:00:00.000+00:00,2160.0,39
400255147,UFC 36: Worlds Collide,2002-03-23T02:00:00.000+00:00,1403.0,40
400255123,UFC 37: High Impact,2002-05-11T01:00:00.000+00:00,2776.0,41
400255100,UFC 37.5: As Real As It Gets,2002-06-23T01:00:00.000+00:00,2843.0,42
400255089,UFC 38: Brawl at the Hall,2002-07-14T01:00:00.000+00:00,3079.0,43
400255053,UFC 39: The Warriors Return,2002-09-28T01:00:00.000+00:00,2160.0,44
400255022,UFC 40: Vendetta,2002-11-23T02:00:00.000+00:00,1403.0,45
400254969,UFC 41: Onslaught,2003-03-01T02:00:00.000+00:00,722.0,46
400254929,UFC 42: Sudden Impact,2003-04-26T01:00:00.000+00:00,3438.0,47
400254903,UFC 43: Meltdown,2003-06-07T01:00:00.000+00:00,,48
400254829,UFC 44: Undisputed,2003-09-27T01:00:00.000+00:00,2233.0,49
400254794,UFC 45: Revolution,2003-11-22T02:00:00.000+00:00,2160.0,50
400254744,UFC 46: Supernatural,2004-02-01T02:00:00.000+00:00,2233.0,51
400254696,UFC 47: It's On,2004-04-03T02:00:00.000+00:00,2233.0,52
400254626,UFC 48: Payback,2004-06-20T01:00:00.000+00:00,2233.0,53
400254578,UFC 49: Unfinished Business,2004-08-22T01:00:00.000+00:00,1403.0,54
400254525,UFC 50: The War of '04,2004-10-23T01:00:00.000+00:00,722.0,55
400254447,UFC 51: Super Saturday,2005-02-06T02:00:00.000+00:00,2233.0,56
400254386,The Ultimate Fighter 1 Finale,2005-04-10T01:00:00.000+00:00,1051.0,57
400254377,UFC 52: Couture vs. Liddell 2,2005-04-17T01:00:00.000+00:00,1403.0,58
400254327,UFC 53: Heavy Hitters,2005-06-05T01:00:00.000+00:00,722.0,59
400254263,UFC Fight Night 1,2005-08-07T01:00:00.000+00:00,1051.0,60
400254255,UFC 54: Boiling Point,2005-08-21T01:00:00.000+00:00,1403.0,61
400254204,UFC Fight Night 2,2005-10-04T01:00:00.000+00:00,2649.0,62
400254203,UFC 55: Fury,2005-10-08T01:00:00.000+00:00,2160.0,63
400254173,The Ultimate Fighter 2 Finale,2005-11-06T02:00:00.000+00:00,2649.0,64
400254160,UFC 56: Full Force,2005-11-20T02:00:00.000+00:00,1403.0,65
400254102,UFC Fight Night 3,2006-01-17T02:00:00.000+00:00,2649.0,66
400254090,UFC 57: Liddell vs. Couture 3,2006-02-05T02:00:00.000+00:00,2233.0,67
400254052,UFC 58: USA vs. Canada,2006-03-05T02:00:00.000+00:00,2233.0,68
400254010,UFC Fight Night 4,2006-04-07T01:00:00.000+00:00,2649.0,69
400253995,UFC 59: Reality Check,2006-04-16T01:00:00.000+00:00,1842.0,70
400253940,UFC 60: Hughes vs. Gracie,2006-05-28T01:00:00.000+00:00,1841.0,71
400253907,The Ultimate Fighter 3 Finale,2006-06-25T01:00:00.000+00:00,2649.0,72
400253904,UFC Fight Night 5,2006-06-29T01:00:00.000+00:00,2649.0,73
400253893,UFC 61: Bitter Rivals,2006-07-09T01:00:00.000+00:00,2233.0,74
400253844,UFC Fight Night 6,2006-08-18T01:00:00.000+00:00,2851.0,75
400253830,UFC 62: Liddell vs. Sobral,2006-08-27T01:00:00.000+00:00,2233.0,76
400253794,UFC 63: Hughes vs. Penn,2006-09-24T01:00:00.000+00:00,1842.0,77
400253768,UFC Ortiz vs. Shamrock 3: The Final Chapter,2006-10-11T01:00:00.000+00:00,2597.0,78
400253761,UFC 64: Unstoppable,2006-10-15T01:00:00.000+00:00,2233.0,79
400253716,The Ultimate Fighter 4 Finale,2006-11-12T02:00:00.000+00:00,2649.0,80
400253705,UFC 65: Bad Intentions,2006-11-19T02:00:00.000+00:00,2247.0,81
400253667,UFC Fight Night: Sanchez vs. Riggs,2006-12-14T02:00:00.000+00:00,2513.0,82
400253658,UFC 66: Liddell vs. Ortiz 2,2006-12-31T02:00:00.000+00:00,1403.0,83
400253642,UFC Fight Night: Evans vs Salmon,2007-01-26T02:00:00.000+00:00,2597.0,84
400253629,UFC 67: All or Nothing,2007-02-04T02:00:00.000+00:00,2233.0,85
400253598,UFC 68: The Uprising,2007-03-04T02:00:00.000+00:00,1828.0,86
400253549,UFC Fight Night: Stevenson vs. Guillard,2007-04-06T01:00:00.000+00:00,2650.0,87
400253544,UFC 69: Shootout,2007-04-08T01:00:00.000+00:00,1394.0,88
400253525,UFC 70: Nations Collide,2007-04-22T01:00:00.000+00:00,4480.0,89
400253468,UFC 71: Liddell vs. Jackson,2007-05-27T01:00:00.000+00:00,1403.0,90
400253440,UFC Fight Night: Stout vs. Fisher,2007-06-13T01:00:00.000+00:00,2597.0,91
400253437,UFC 72: Victory,2007-06-17T01:00:00.000+00:00,3329.0,92
400253426,The Ultimate Fighter 5 Finale,2007-06-24T01:00:00.000+00:00,2650.0,93
400253410,UFC 73: Stacked,2007-07-08T01:00:00.000+00:00,2247.0,94
400253356,UFC 74: Respect,2007-08-26T01:00:00.000+00:00,2233.0,95
400253344,UFC 75: Champion vs. Champion,2007-09-09T01:00:00.000+00:00,2590.0,96
400253331,UFC Fight Night: Thomas vs. Florian,2007-09-20T01:00:00.000+00:00,2650.0,97
400253326,UFC 76: Knockout,2007-09-23T01:00:00.000+00:00,1842.0,98
400253284,UFC 77: Hostile Territory,2007-10-21T01:00:00.000+00:00,1638.0,99
400253246,UFC 78: Validation,2007-11-18T02:00:00.000+00:00,1826.0,100
400253208,The Ultimate Fighter 6 Finale,2007-12-09T02:00:00.000+00:00,2650.0,101
400253184,UFC 79: Nemesis,2007-12-30T02:00:00.000+00:00,2233.0,102
400253172,UFC 80: Rapid Fire,2008-01-20T02:00:00.000+00:00,2696.0,103
400253169,UFC Fight Night: Swick vs Burkman,2008-01-24T02:00:00.000+00:00,2650.0,104
400253152,UFC 81: Breaking Point,2008-02-03T02:00:00.000+00:00,1403.0,105
400253127,UFC 82: Pride of a Champion,2008-03-02T02:00:00.000+00:00,1828.0,106
400253084,UFC Fight Night: Florian vs. Lauzon,2008-04-03T01:00:00.000+00:00,2464.0,107
400253059,UFC 83: Serra vs. St-Pierre 2,2008-04-20T01:00:00.000+00:00,1831.0,108
400253007,UFC 84: Ill Will,2008-05-25T01:00:00.000+00:00,1403.0,109
400252989,UFC 85: Bedlam,2008-06-08T01:00:00.000+00:00,2590.0,110
400252973,The Ultimate Fighter 7 Finale,2008-06-22T01:00:00.000+00:00,2650.0,111
400252959,UFC 86: Jackson vs. Griffin,2008-07-06T01:00:00.000+00:00,2233.0,112
400252944,UFC Fight Night: Silva vs. Irvin,2008-07-20T01:00:00.000+00:00,2650.0,113
400252922,UFC 87: Seek and Destroy,2008-08-10T01:00:00.000+00:00,2029.0,114
400252900,UFC 88: Breakthrough,2008-09-07T01:00:00.000+00:00,1827.0,115
400252886,UFC Fight Night: Diaz vs. Neer,2008-09-18T01:00:00.000+00:00,352.0,116
400252845,UFC 89: Bisping vs. Leben,2008-10-19T01:00:00.000+00:00,2697.0,117
400252841,UFC 90: Silva vs. Cote,2008-10-26T01:00:00.000+00:00,977.0,118
400252817,UFC 91: Couture vs. Lesnar,2008-11-16T02:00:00.000+00:00,1403.0,119
400252781,UFC Fight Night: Fight for the Troops,2008-12-11T02:00:00.000+00:00,2813.0,120
400252776,The Ultimate Fighter 8 Finale,2008-12-14T02:00:00.000+00:00,2650.0,121
400252765,UFC 92: The Ultimate 2008,2008-12-28T02:00:00.000+00:00,1403.0,122
400252754,UFC 93: Franklin vs. Henderson,2009-01-18T02:00:00.000+00:00,4754.0,123
400252738,UFC 94: St-Pierre vs. Penn 2,2009-02-01T02:00:00.000+00:00,1403.0,124
400252730,UFC Fight Night: Lauzon vs. Stephens,2009-02-08T02:00:00.000+00:00,2041.0,125
400252716,UFC 95: Sanchez vs. Stevenson,2009-02-22T02:00:00.000+00:00,2590.0,126
400252704,UFC 96: Jackson vs. Jardine,2009-03-08T02:00:00.000+00:00,1828.0,127
400252671,UFC Fight Night: Condit vs. Kampmann,2009-04-02T01:00:00.000+00:00,1834.0,128
400252645,UFC 97: Redemption,2009-04-19T01:00:00.000+00:00,1831.0,129
400252596,UFC 98: Evans vs. Machida,2009-05-24T01:00:00.000+00:00,1403.0,130
400252570,UFC 99: The Comeback,2009-06-13T04:00:00.000+00:00,3264.0,131
400252563,The Ultimate Fighter 9 Finale,2009-06-21T01:00:00.000+00:00,2650.0,132
400252542,UFC 100: Lesnar vs. Mir 2,2009-07-12T01:00:00.000+00:00,2233.0,133
400252521,UFC 101: Declaration,2009-08-09T01:00:00.000+00:00,1845.0,134
400252496,UFC 102: Couture vs. Nogueira,2009-08-30T01:00:00.000+00:00,2667.0,135
400252480,UFC Fight Night: Diaz vs. Guillard,2009-09-17T01:00:00.000+00:00,2877.0,136
400252474,UFC 103: Franklin vs. Belfort,2009-09-20T01:00:00.000+00:00,516.0,137
400252438,UFC 104: Machida vs. Shogun,2009-10-25T01:00:00.000+00:00,1841.0,138
400252410,UFC 105: Couture vs. Vera,2009-11-15T02:00:00.000+00:00,4480.0,139
400252394,UFC 106: Ortiz vs. Griffin 2,2009-11-22T02:00:00.000+00:00,2233.0,140
400252380,The Ultimate Fighter 10 Finale,2009-12-06T02:00:00.000+00:00,2650.0,141
400252372,UFC 107: Penn vs. Sanchez,2009-12-13T02:00:00.000+00:00,1392.0,142
400252360,UFC 108: Evans vs. Silva,2010-01-03T02:00:00.000+00:00,1403.0,143
400252355,UFC Fight Night: Maynard vs. Diaz,2010-01-12T02:00:00.000+00:00,2167.0,144
400252334,UFC 109: Relentless,2010-02-07T02:00:00.000+00:00,2233.0,145
400252325,UFC 110: Nogueira vs. Velasquez,2010-02-21T02:00:00.000+00:00,3052.0,146
400252285,UFC on Versus: Vera vs. Jones,2010-03-22T01:00:00.000+00:00,2464.0,147
400252279,UFC 111: St-Pierre vs. Hardy,2010-03-28T01:00:00.000+00:00,1826.0,148
400252276,UFC Fight Night: Florian vs. Gomi,2010-04-01T01:00:00.000+00:00,241.0,149
400252266,UFC 112: Invincible,2010-04-11T01:00:00.000+00:00,3098.0,150
400252239,UFC 113: Machida vs. Shogun 2,2010-05-09T01:00:00.000+00:00,1831.0,151
400252217,UFC 114: Rampage vs. Evans,2010-05-30T01:00:00.000+00:00,1403.0,152
400252205,UFC 115: Liddell vs. Franklin,2010-06-13T01:00:00.000+00:00,1833.0,153
400252196,The Ultimate Fighter 11 Finale,2010-06-20T01:00:00.000+00:00,2650.0,154
400252182,UFC 116: Lesnar vs. Carwin,2010-07-04T01:00:00.000+00:00,1403.0,155
400252163,UFC on Versus: Jones vs. Matyushenko,2010-08-02T01:00:00.000+00:00,697.0,156
400252160,UFC 117: Silva vs. Sonnen,2010-08-08T01:00:00.000+00:00,2465.0,157
400252141,UFC 118: Edgar vs. Penn 2,2010-08-29T01:00:00.000+00:00,1824.0,158
400252125,UFC Fight Night: Marquardt vs. Palhares,2010-09-16T01:00:00.000+00:00,2195.0,159
400252117,UFC 119: Mir vs. Cro Cop,2010-09-26T01:00:00.000+00:00,2183.0,160
400252099,UFC 120: Bisping vs. Akiyama,2010-10-17T01:00:00.000+00:00,2590.0,161
400252093,UFC 121: Lesnar vs. Velasquez,2010-10-24T01:00:00.000+00:00,1842.0,162
400252074,UFC 122: Marquardt vs. Okami,2010-11-14T02:00:00.000+00:00,3262.0,163
400252069,UFC 123: Rampage vs. Machida,2010-11-21T02:00:00.000+00:00,3419.0,164
400252061,The Ultimate Fighter 12 Finale,2010-12-05T02:00:00.000+00:00,2650.0,165
400252051,UFC 124: St-Pierre vs. Koscheck 2,2010-12-12T02:00:00.000+00:00,1831.0,166
400252043,UFC 125: Resolution,2011-01-02T02:00:00.000+00:00,1403.0,167
400252037,UFC Fight Night: Fight for the Troops 2,2011-01-23T02:00:00.000+00:00,2934.0,168
400252023,UFC 126: Silva vs. Belfort,2011-02-06T02:00:00.000+00:00,2233.0,169
400252013,UFC 127: Penn vs. Fitch,2011-02-27T02:00:00.000+00:00,3052.0,170
400252010,UFC on Versus: Sanchez vs. Kampmann,2011-03-04T02:00:00.000+00:00,2030.0,171
400251999,UFC 128: Shogun vs. Jones,2011-03-20T01:00:00.000+00:00,1826.0,172
400251993,UFC Fight Night: Davis vs. Nogueira,2011-03-27T01:00:00.000+00:00,2184.0,173
400251959,UFC 129: St-Pierre vs. Shields,2011-05-01T01:00:00.000+00:00,1822.0,174
400251939,UFC 130: Rampage vs. Hamill,2011-05-29T01:00:00.000+00:00,1403.0,175
400251935,The Ultimate Fighter 13 Finale,2011-06-05T01:00:00.000+00:00,2650.0,176
400251927,UFC 131: Dos Santos vs. Carwin,2011-06-12T01:00:00.000+00:00,1833.0,177
400251919,UFC on Versus: Barry vs. Kongo,2011-06-27T01:00:00.000+00:00,1837.0,178
400251918,UFC 132: Cruz vs. Faber 2,2011-07-03T01:00:00.000+00:00,2233.0,179
400251899,UFC 133: Evans vs. Ortiz 2,2011-08-07T01:00:00.000+00:00,1845.0,180
400251895,UFC on Versus: Hardy vs. Lytle,2011-08-15T01:00:00.000+00:00,2099.0,181
400251887,UFC 134: Silva vs. Okami,2011-08-28T01:00:00.000+00:00,3155.0,182
400251873,UFC Fight Night: Shields vs. Ellenberger,2011-09-18T01:00:00.000+00:00,3372.0,183
400251868,UFC 135: Jones vs. Rampage,2011-09-25T01:00:00.000+00:00,892.0,184
400251865,UFC on Versus: Cruz vs. Johnson,2011-10-02T01:00:00.000+00:00,1823.0,185
400251859,UFC 136: Edgar vs. Maynard 3,2011-10-09T01:00:00.000+00:00,1394.0,186
400251839,UFC 137: Penn vs. Diaz,2011-10-30T01:00:00.000+00:00,2233.0,187
400251835,UFC 138: Leben vs. Munoz,2011-11-06T01:00:00.000+00:00,3072.0,188
400251828,UFC on Fox: Velasquez vs. dos Santos,2011-11-13T02:00:00.000+00:00,1842.0,189
400251824,UFC 139: Shogun vs. Henderson,2011-11-20T02:00:00.000+00:00,1653.0,190
400251809,The Ultimate Fighter 14 Finale,2011-12-04T02:00:00.000+00:00,2650.0,191
400251804,UFC 140: Jones vs. Machida,2011-12-11T02:00:00.000+00:00,1838.0,192
400251796,UFC 141: Lesnar vs. Overeem,2011-12-31T02:00:00.000+00:00,1403.0,193
400251791,UFC 142: Aldo vs. Mendes,2012-01-15T02:00:00.000+00:00,3155.0,194
400251790,UFC on FX: Guillard vs. Miller,2012-01-20T05:00:00.000+00:00,1834.0,195
400251786,UFC on Fox: Evans vs. Davis,2012-01-28T23:00:00.000+00:00,1847.0,196
400251782,UFC 143: Diaz vs. Condit,2012-02-05T02:00:00.000+00:00,2233.0,197
400251775,UFC on Fuel TV: Ellenberger vs. Sanchez,2012-02-16T02:00:00.000+00:00,352.0,198
400251770,UFC 144: Edgar vs. Henderson,2012-02-26T02:00:00.000+00:00,2577.0,199
400251768,UFC on FX: Alves vs. Kampmann,2012-03-02T23:00:00.000+00:00,3052.0,200
400251750,UFC on Fuel TV: Gustafsson vs. Silva,2012-04-15T01:00:00.000+00:00,2214.0,201
400251748,UFC 145: Jones vs. Evans,2012-04-22T01:00:00.000+00:00,1827.0,202
400251744,UFC on Fox: Diaz vs. Miller,2012-05-05T22:00:00.000+00:00,2562.0,203
400251742,UFC on Fuel TV: Korean Zombie vs. Poirier,2012-05-16T01:00:00.000+00:00,2167.0,204
400251741,UFC 146: dos Santos vs. Mir,2012-05-27T01:00:00.000+00:00,1403.0,205
400257696,The Ultimate Fighter LIVE Finale,2012-06-02T00:00:00.000+00:00,2650.0,206
400257697,UFC on FX: Johnson vs. McCall,2012-06-08T22:00:00.000+00:00,1840.0,207
400251737,UFC on FX: Guida vs. Maynard,2012-06-22T22:00:00.000+00:00,3503.0,208
400251739,UFC 147: Silva vs. Franklin 2,2012-06-24T01:00:00.000+00:00,3525.0,209
400251738,UFC 148: Silva vs. Sonnen 2,2012-07-08T01:00:00.000+00:00,1403.0,210
400262137,UFC on FUEL TV: Munoz vs. Weidman,2012-07-12T01:00:00.000+00:00,1653.0,211
400257698,UFC 149: Faber vs. Barao,2012-07-22T01:00:00.000+00:00,1843.0,212
400251736,UFC on Fox: Shogun vs. Vera,2012-08-04T22:00:00.000+00:00,1841.0,213
400262716,UFC 150: Henderson vs. Edgar 2,2012-08-12T01:00:00.000+00:00,892.0,214
400275301,UFC 152: Jones vs. Belfort,2012-09-23T01:00:00.000+00:00,1838.0,215
400268321,UFC on FUEL TV: Struve vs. Miocic,2012-09-30T01:00:00.000+00:00,3370.0,216
400279401,UFC on FX: Browne vs. Bigfoot,2012-10-05T22:00:00.000+00:00,2029.0,217
400273781,UFC 153: Silva vs. Bonnar,2012-10-14T01:00:00.000+00:00,3155.0,218
400288381,UFC on FUEL TV: Franklin vs. Le,2012-11-11T02:00:00.000+00:00,4018.0,219
400285141,UFC 154: St-Pierre vs. Condit,2012-11-18T01:00:00.000+00:00,1831.0,220
400400161,UFC on Fox: Henderson vs. Diaz,2012-12-08T23:00:00.000+00:00,2184.0,221
400403561,UFC on FX: Sotiropoulos vs. Pearson,2012-12-14T23:00:00.000+00:00,3005.0,222
400401884,The Ultimate Fighter 16 Finale,2012-12-16T01:00:00.000+00:00,2649.0,223
400288401,UFC 155: Dos Santos vs. Velasquez 2,2012-12-30T01:00:00.000+00:00,1403.0,224
400429388,UFC on FX: Belfort vs. Bisping,2013-01-20T02:00:00.000+00:00,4114.0,225
400431620,UFC on Fox: Johnson vs. Dodson,2013-01-27T02:00:00.000+00:00,1847.0,226
400429387,UFC 156: Aldo vs. Edgar,2013-02-03T02:00:00.000+00:00,2233.0,227
400432943,UFC on FUEL TV: Barao vs. McDonald,2013-02-17T02:00:00.000+00:00,2698.0,228
400432942,UFC 157: Rousey vs. Carmouche,2013-02-24T02:00:00.000+00:00,1842.0,229
400437518,UFC on FUEL TV: Silva vs. Stann,2013-03-03T02:00:00.000+00:00,2577.0,230
400437516,UFC 158: St-Pierre vs. Diaz,2013-03-17T01:00:00.000+00:00,1831.0,231
400443735,UFC on FUEL TV 9: Mousasi vs. Latifi,2013-04-07T01:00:00.000+00:00,2214.0,232
400442350,The Ultimate Fighter 17 Finale,2013-04-14T01:00:00.000+00:00,2233.0,233
400432946,UFC on Fox: Henderson vs. Melendez,2013-04-21T01:00:00.000+00:00,1653.0,234
400426609,UFC 159: Jones vs. Sonnen,2013-04-28T01:00:00.000+00:00,1826.0,235
400446583,UFC on FX: Belfort vs. Rockhold,2013-05-19T01:00:00.000+00:00,4306.0,236
400446258,UFC 160: Velasquez vs. Silva 2,2013-05-26T01:00:00.000+00:00,1403.0,237
400443591,UFC on FUEL TV 10: Nogueira vs. Werdum,2013-06-09T01:00:00.000+00:00,3180.0,238
400449281,UFC 161: Evans vs. Henderson,2013-06-16T01:00:00.000+00:00,1397.0,239
400449280,UFC 162: Silva vs. Weidman,2013-07-07T01:00:00.000+00:00,1403.0,240
400432947,UFC on Fox: Johnson vs. Moraga,2013-07-28T01:00:00.000+00:00,2184.0,241
400445287,UFC 163: Aldo vs. Korean Zombie,2013-08-04T01:00:00.000+00:00,3155.0,242
400449036,UFC Fight Night: Shogun vs. Sonnen,2013-08-18T01:00:00.000+00:00,1824.0,243
400465576,UFC Fight Night: Condit vs. Kampmann 2,2013-08-29T01:00:00.000+00:00,2183.0,244
400458296,UFC 164: Henderson vs. Pettis 2,2013-09-01T01:00:00.000+00:00,2099.0,245
400475434,UFC Fight Night: Teixeira vs. Bader,2013-09-05T01:00:00.000+00:00,3525.0,246
400465974,UFC 165: Jones vs. Gustafsson,2013-09-22T01:00:00.000+00:00,1838.0,247
400490714,UFC Fight Night: Maia vs. Shields,2013-10-10T01:00:00.000+00:00,3159.0,248
400472016,UFC 166: Velasquez vs. Dos Santos 3,2013-10-20T01:00:00.000+00:00,1394.0,249
400483973,UFC Fight Night: Machida vs. Munoz,2013-10-27T01:00:00.000+00:00,4480.0,250
400478714,UFC Fight Night: Fight for the Troops 3,2013-11-07T02:00:00.000+00:00,4501.0,251
400492654,UFC Fight Night: Belfort vs. Henderson,2013-11-10T02:00:00.000+00:00,4487.0,252
400472017,UFC 167: St-Pierre vs. Hendricks,2013-11-17T02:00:00.000+00:00,2233.0,253
400490715,The Ultimate Fighter 18 Finale,2013-12-01T02:00:00.000+00:00,2233.0,254
400495574,UFC Fight Night: Hunt vs. Bigfoot,2013-12-07T02:00:00.000+00:00,3210.0,255
400432948,UFC on Fox: Johnson vs. Benavidez 2,2013-12-15T02:00:00.000+00:00,2247.0,256
400477454,UFC 168: Weidman vs. Silva 2,2013-12-29T02:00:00.000+00:00,1403.0,257
400513115,UFC Fight Night: Saffiedine vs. Lim,2014-01-05T02:00:00.000+00:00,4584.0,258
400517543,UFC Fight Night: Rockhold vs. Philippou,2014-01-15T05:00:00.000+00:00,1245.0,259
400514854,UFC on Fox: Henderson vs. Thomson,2014-01-25T16:30:00.000+00:00,1847.0,260
400478716,UFC 169: Barao vs. Faber 2,2014-02-01T18:30:00.000+00:00,1826.0,261
400516084,UFC Fight Night: Machida vs. Mousasi,2014-02-15T19:30:00.000+00:00,4306.0,262
400514855,UFC 170: Rousey vs. McMann,2014-02-22T19:00:00.000+00:00,2233.0,263
400528294,UFC Fight Night: Kim vs. Hathaway,2014-03-02T00:00:00.000+00:00,4689.0,264
400515114,UFC Fight Night: Gustafsson vs. Manuwa,2014-03-08T14:00:00.000+00:00,2590.0,265
400517714,UFC 171: Hendricks vs. Lawler,2014-03-15T18:00:00.000+00:00,516.0,266
400531694,UFC Fight Night: Shogun vs. Henderson,2014-03-23T16:00:00.000+00:00,3171.0,267
400532917,UFC Fight Night: Minotauro vs. Nelson,2014-04-11T10:00:00.000+00:00,4714.0,268
400529094,UFC Fight Night: Bisping vs. Kennedy,2014-04-16T15:15:00.000+00:00,1363.0,269
400529894,UFC on Fox: Werdum vs. Browne,2014-04-19T15:30:00.000+00:00,3432.0,270
400529374,UFC 172: Jones vs. Teixeira,2014-04-26T19:30:00.000+00:00,4483.0,271
400539354,UFC Fight Night: Brown vs. Silva,2014-05-10T18:30:00.000+00:00,1638.0,272
400533294,UFC 173: Barao vs. Dillashaw,2014-05-24T04:00:00.000+00:00,1403.0,273
400543514,UFC Fight Night: Munoz vs. Mousasi,2014-05-31T12:30:00.000+00:00,2215.0,274
400537811,TUF Brazil Finale: Miocic vs. Maldonado,2014-05-31T22:30:00.000+00:00,3591.0,275
400547234,UFC Fight Night: Henderson vs. Khabilov,2014-06-07T19:30:00.000+00:00,4736.0,276
400534690,UFC 174: Johnson vs. Bagautinov,2014-06-14T19:00:00.000+00:00,1833.0,277
400546894,UFC Fight Night: Swanson vs. Stephens,2014-06-28T19:30:00.000+00:00,780.0,278
400551477,UFC Fight Night: Te Huna vs. Marquardt,2014-06-29T02:30:00.000+00:00,4741.0,279
400548474,UFC 175: Weidman vs. Machida,2014-07-05T19:00:00.000+00:00,2233.0,280
400546414,The Ultimate Fighter 19 Finale,2014-07-06T18:00:00.000+00:00,2233.0,281
400553594,UFC Fight Night: Cerrone vs. Miller,2014-07-16T18:30:00.000+00:00,3503.0,282
400543515,UFC Fight Night: McGregor vs. Brandao,2014-07-19T12:30:00.000+00:00,4754.0,283
400549884,UFC on Fox: Lawler vs. Brown,2014-07-26T16:15:00.000+00:00,1653.0,284
400557554,UFC Fight Night: Bader vs. Saint Preux,2014-08-16T06:30:00.000+00:00,4605.0,285
400553614,UFC Fight Night: Henderson vs. dos Anjos,2014-08-23T19:30:00.000+00:00,1911.0,286
400543516,UFC Fight Night: Bisping vs. Le,2014-08-23T23:30:00.000+00:00,4689.0,287
400559634,UFC 177: Dillashaw vs. Soto,2014-08-30T23:00:00.000+00:00,2247.0,288
400560734,UFC Fight Night: Souza vs. Mousasi,2014-09-05T22:00:00.000+00:00,2554.0,289
400557634,UFC Fight Night: Silva vs. Arlovski,2014-09-13T18:00:00.000+00:00,3172.0,290
400543518,UFC Fight Night: Hunt vs. Nelson,2014-09-20T19:00:00.000+00:00,2577.0,291
400534691,UFC 178: Johnson vs. Cariaso,2014-09-27T12:00:00.000+00:00,1403.0,292
400534692,UFC Fight Night: MacDonald vs. Saffiedine,2014-10-04T19:00:00.000+00:00,2841.0,293
400543519,UFC Fight Night: Nelson vs. Story,2014-10-04T19:00:00.000+00:00,2214.0,294
400557635,UFC 179: Aldo vs. Mendes 2,2014-10-25T18:00:00.000+00:00,4745.0,295
400582487,UFC Fight Night: Rockhold vs. Bisping,2014-11-08T00:30:00.000+00:00,3052.0,296
400582010,UFC Fight Night: Shogun vs. Saint Preux,2014-11-08T19:00:00.000+00:00,4799.0,297
400555416,UFC 180: Werdum vs. Hunt,2014-11-15T19:00:00.000+00:00,5779.0,298
400543520,UFC Fight Night: Edgar vs. Swanson,2014-11-22T19:00:00.000+00:00,2195.0,299
400534693,UFC 181: Hendricks vs. Lawler 2,2014-12-06T19:00:00.000+00:00,2233.0,300
400580047,The Ultimate Fighter 20 Finale,2014-12-12T23:30:00.000+00:00,2650.0,301
400567339,UFC Fight Night: Dos Santos vs. Miocic,2014-12-13T15:30:00.000+00:00,1949.0,302
400584827,UFC Fight Night: Machida vs. Dollaway,2014-12-20T19:00:00.000+00:00,3159.0,303
400567345,UFC 182: Jones vs. Cormier,2015-01-03T19:00:00.000+00:00,1403.0,304
400603615,UFC Fight Night: McGregor vs. Siver,2015-01-18T05:00:00.000+00:00,1824.0,305
400606927,UFC on Fox: Gustafsson vs. Johnson,2015-01-24T16:00:00.000+00:00,4834.0,306
400575214,UFC 183: Silva vs. Diaz,2015-01-31T18:30:00.000+00:00,1403.0,307
400605907,UFC Fight Night: Henderson vs. Thatch,2015-02-14T20:00:00.000+00:00,2464.0,308
400607583,UFC Fight Night: Bigfoot vs. Mir,2015-02-22T22:00:00.000+00:00,4872.0,309
400603616,UFC 184: Rousey vs. Zingano,2015-02-28T19:00:00.000+00:00,1841.0,310
400607612,UFC 185: Pettis vs. dos Anjos,2015-03-14T18:30:00.000+00:00,516.0,311
400607614,UFC Fight Night: Maia vs. LaFlare,2015-03-21T19:00:00.000+00:00,4745.0,312
400607615,UFC Fight Night: Mendes vs. Lamas,2015-04-04T11:00:00.000+00:00,2167.0,313
400607616,UFC Fight Night: Gonzaga vs. Cro Cop 2,2015-04-11T16:00:00.000+00:00,4802.0,314
400607617,UFC on Fox: Machida vs. Rockhold,2015-04-18T16:30:00.000+00:00,1826.0,315
400607618,UFC 186: Johnson vs. Horiguchi,2015-04-25T18:30:00.000+00:00,1831.0,316
400762976,UFC Fight Night: Miocic vs. Hunt,2015-05-09T20:00:00.000+00:00,4934.0,317
400607619,UFC Fight Night: Edgar vs. Faber,2015-05-16T18:30:00.000+00:00,4310.0,318
400607621,UFC 187: Johnson vs. Cormier,2015-05-23T19:00:00.000+00:00,1403.0,319
400607622,UFC Fight Night: Condit vs. Alves,2015-05-30T19:00:00.000+00:00,4487.0,320
400607623,UFC Fight Night: Boetsch vs. Henderson,2015-06-06T19:00:00.000+00:00,985.0,321
400607624,UFC 188: Velasquez vs. Werdum,2015-06-14T00:00:00.000+00:00,5779.0,322
400607625,UFC Fight Night: Jedrzejczyk vs. Penne,2015-06-20T12:00:00.000+00:00,2215.0,323
400607626,UFC Fight Night: Machida vs. Romero,2015-06-27T20:00:00.000+00:00,2597.0,324
400590887,UFC 189: Mendes vs. McGregor,2015-07-11T19:00:00.000+00:00,1403.0,325
400791347,The Ultimate Fighter 21 Finale,2015-07-12T21:00:00.000+00:00,1403.0,326
400607628,UFC Fight Night: Mir vs. Duffee,2015-07-15T19:00:00.000+00:00,697.0,327
400607629,UFC Fight Night: Bisping vs. Leites,2015-07-18T10:00:00.000+00:00,4888.0,328
400607630,UFC on Fox: Dillashaw vs. Barao 2,2015-07-25T20:00:00.000+00:00,1847.0,329
400607631,UFC 190: Rousey vs. Correia,2015-08-01T19:00:00.000+00:00,3155.0,330
400607632,UFC Fight Night: Teixeira vs. Saint Preux,2015-08-08T18:30:00.000+00:00,1834.0,331
400607633,UFC Fight Night: Holloway vs. Oliveira,2015-08-23T18:00:00.000+00:00,1894.0,332
400607635,UFC 191: Johnson vs. Dodson 2,2015-09-05T19:00:00.000+00:00,1403.0,333
400796284,UFC Fight Night: Barnett vs. Nelson,2015-09-26T18:00:00.000+00:00,2577.0,334
400607638,UFC 192: Cormier vs. Gustafsson,2015-10-03T13:00:00.000+00:00,1394.0,335
400817781,UFC Fight Night: Holohan vs. Smolka,2015-10-24T22:00:00.000+00:00,4754.0,336
400607639,UFC Fight Night: Belfort vs Henderson 2,2015-11-07T18:00:00.000+00:00,3591.0,337
400765682,UFC 193: Rousey vs. Holm,2015-11-14T18:30:00.000+00:00,4939.0,338
400607641,UFC Fight Night: Magny vs. Gastelum,2015-11-21T18:30:00.000+00:00,5065.0,339
400607642,UFC Fight Night: Henderson vs. Masvidal,2015-11-29T02:00:00.000+00:00,5003.0,340
400835547,UFC Fight Night: Namajunas vs. VanZant,2015-12-10T19:00:00.000+00:00,2648.0,341
400830847,The Ultimate Fighter 22 Finale,2015-12-11T23:00:00.000+00:00,2648.0,342
400607644,UFC 194: Aldo vs. McGregor,2015-12-12T18:30:00.000+00:00,1403.0,343
400607645,UFC on Fox: Dos Anjos vs. Cerrone 2,2015-12-19T20:00:00.000+00:00,3432.0,344
400832048,UFC 195: Lawler vs. Condit,2016-01-02T18:30:00.000+00:00,1403.0,345
400838669,UFC Fight Night: Dillashaw vs. Cruz,2016-01-18T03:00:00.000+00:00,1824.0,346
400841529,UFC Fight Night: Johnson vs. Bader,2016-01-31T01:00:00.000+00:00,1826.0,347
400841527,UFC Fight Night: Hendricks vs. Thompson,2016-02-07T03:00:00.000+00:00,1403.0,348
400841530,UFC Fight Night: Cerrone vs. Oliveira,2016-02-22T02:00:00.000+00:00,1837.0,349
400841334,UFC Fight Night: Silva vs. Bisping,2016-02-27T12:00:00.000+00:00,2590.0,350
400841528,UFC 196: McGregor vs. Diaz,2016-03-05T18:30:00.000+00:00,1403.0,351
400841531,UFC Fight Night: Hunt vs. Mir,2016-03-20T02:00:00.000+00:00,3210.0,352
400859828,UFC Fight Night: Rothwell vs. dos Santos,2016-04-10T18:00:00.000+00:00,5067.0,353
400864325,UFC Fight Night: Teixeira vs. Evans,2016-04-17T00:00:00.000+00:00,1396.0,354
400866708,UFC 197: Jones vs. Saint Preux,2016-04-23T18:30:00.000+00:00,1403.0,355
400859829,UFC Fight Night: Overeem vs. Arlovski,2016-05-08T18:00:00.000+00:00,3340.0,356
400861388,UFC 198: Werdum vs. Miocic,2016-05-14T04:00:00.000+00:00,5219.0,357
400869909,UFC Fight Night: Almeida vs. Garbrandt,2016-05-30T01:00:00.000+00:00,2233.0,358
400869908,UFC 199: Rockhold vs. Bisping 2,2016-06-04T22:15:00.000+00:00,2505.0,359
400869990,UFC Fight Night: MacDonald vs. Thompson,2016-06-19T02:30:00.000+00:00,1832.0,360
400874810,UFC Fight Night: Dos Anjos vs. Alvarez,2016-07-07T18:30:00.000+00:00,1403.0,361
400860810,The Ultimate Fighter 23 Finale,2016-07-09T02:00:00.000+00:00,1403.0,362
400818923,UFC 200: Tate vs. Nunes,2016-07-10T02:00:00.000+00:00,5060.0,363
400874870,UFC Fight Night: McDonald vs. Lineker,2016-07-14T01:00:00.000+00:00,4937.0,364
400873536,UFC Fight Night: Holm vs. Shevchenko,2016-07-24T00:00:00.000+00:00,1847.0,365
400876134,UFC 201: Lawler vs. Woodley,2016-07-31T02:00:00.000+00:00,1827.0,366
400880606,UFC Fight Night: Rodriguez vs. Caceres,2016-08-07T02:00:00.000+00:00,3093.0,367
400879557,UFC 202: Diaz vs. McGregor 2,2016-08-21T02:00:00.000+00:00,5060.0,368
400882509,UFC Fight Night: Maia vs. Condit,2016-08-28T00:00:00.000+00:00,1833.0,369
400876250,UFC Fight Night: Arlovski vs. Barnett,2016-09-03T12:00:00.000+00:00,5252.0,370
400877534,UFC 203: Miocic vs. Overeem,2016-09-11T02:00:00.000+00:00,3417.0,371
400893902,UFC Fight Night: Poirier vs. Johnson,2016-09-18T02:00:00.000+00:00,3427.0,372
400893903,UFC Fight Night: Cyborg vs. Lansberg,2016-09-25T02:00:00.000+00:00,3172.0,373
400896610,UFC Fight Night: Lineker vs. Dodson,2016-10-02T03:00:00.000+00:00,3423.0,374
400899015,UFC 204: Bisping vs. Henderson 2,2016-10-09T02:00:00.000+00:00,4480.0,375
400897711,UFC Fight Night: Dos Anjos vs. Ferguson,2016-11-06T02:00:00.000+00:00,5779.0,376
400896159,UFC 205: Alvarez vs. McGregor,2016-11-13T03:00:00.000+00:00,1830.0,377
400901153,UFC Fight Night: Mousasi vs. Hall 2,2016-11-19T17:00:00.000+00:00,5093.0,378
400901154,UFC Fight Night: Bader vs. Nogueira 2,2016-11-20T02:00:00.000+00:00,3591.0,379
400901155,UFC Fight Night: Whittaker vs. Brunson,2016-11-27T03:00:00.000+00:00,5318.0,380
400876600,The Ultimate Fighter 24 Finale,2016-12-04T03:00:00.000+00:00,2650.0,381
400901156,UFC Fight Night: Lewis vs. Abdurakhimov,2016-12-10T02:00:00.000+00:00,20.0,382
400901157,UFC 206: Holloway vs. Pettis,2016-12-11T03:00:00.000+00:00,1838.0,383
400901158,UFC Fight Night: VanZant vs. Waterson,2016-12-18T01:00:00.000+00:00,5310.0,384
400901159,UFC 207: Nunes vs. Rousey,2016-12-31T03:00:00.000+00:00,5060.0,385
400925481,UFC Fight Night: Rodriguez vs. Penn,2017-01-16T03:00:00.000+00:00,1949.0,386
400925921,UFC Fight Night: Shevchenko vs. Pena,2017-01-29T01:00:00.000+00:00,892.0,387
400925601,UFC Fight Night: Bermudez vs. The Korean Zombie,2017-02-05T03:00:00.000+00:00,1394.0,388
400925788,UFC 208: Holm vs. de Randamie,2017-02-12T03:00:00.000+00:00,3559.0,389
400925785,UFC Fight Night: Lewis vs. Browne,2017-02-20T02:00:00.000+00:00,5341.0,390
400925922,UFC 209: Woodley vs. Thompson 2,2017-03-05T03:00:00.000+00:00,5060.0,391
400929017,UFC Fight Night: Belfort vs. Gastelum,2017-03-12T03:00:00.000+00:00,5357.0,392
400925786,UFC Fight Night: Manuwa vs. Anderson,2017-03-18T04:00:00.000+00:00,2590.0,393
400928881,UFC 210: Cormier vs. Johnson 2,2017-04-09T00:00:00.000+00:00,1848.0,394
400942606,UFC Fight Night: Johnson vs. Reis,2017-04-16T02:00:00.000+00:00,2561.0,395
400942607,UFC Fight Night: Swanson vs. Lobov,2017-04-23T02:00:00.000+00:00,1834.0,396
400941268,UFC 211: Miocic vs. dos Santos 2,2017-05-13T17:00:00.000+00:00,516.0,397
400944776,UFC Fight Night: Gustafsson vs. Teixeira,2017-05-29T02:00:00.000+00:00,2214.0,398
400942508,UFC 212: Aldo vs. Holloway,2017-06-03T04:00:00.000+00:00,3155.0,399
400947466,UFC Fight Night: Lewis vs. Hunt,2017-06-11T01:00:00.000+00:00,4741.0,400
400944285,UFC Fight Night: Holm vs. Correia,2017-06-18T01:00:00.000+00:00,3114.0,401
400948306,UFC Fight Night: Chiesa vs. Lee,2017-06-26T01:00:00.000+00:00,2559.0,402
400951439,The Ultimate Fighter 25 Finale,2017-07-08T01:00:00.000+00:00,5060.0,403
400949108,UFC 213: Romero vs. Whittaker,2017-07-09T02:00:00.000+00:00,5060.0,404
400947050,UFC Fight Night: Nelson vs. Ponzinibbio,2017-07-17T00:00:00.000+00:00,4888.0,405
400949207,UFC Fight Night: Weidman vs. Gastelum,2017-07-23T02:00:00.000+00:00,1825.0,406
400925787,UFC 214: Cormier vs. Jones 2,2017-07-29T19:00:00.000+00:00,1842.0,407
400953601,UFC Fight Night: Pettis vs. Moreno,2017-08-05T20:00:00.000+00:00,5779.0,408
400947051,UFC Fight Night: Volkov vs. Struve,2017-09-02T12:00:00.000+00:00,3340.0,409
400952466,UFC 215: Nunes vs. Shevchenko 2,2017-09-09T19:00:00.000+00:00,5282.0,410
400970916,UFC Fight Night: Rockhold vs. Branch,2017-09-17T00:00:00.000+00:00,1837.0,411
400964019,UFC Fight Night: Saint Preux vs. Okami,2017-09-22T20:00:00.000+00:00,2577.0,412
400972121,UFC 216: Ferguson vs. Lee,2017-10-07T19:00:00.000+00:00,5060.0,413
400972122,UFC Fight Night: Cerrone vs. Till,2017-10-21T19:00:00.000+00:00,3323.0,414
400972116,UFC Fight Night: Brunson vs. Machida,2017-10-29T02:00:00.000+00:00,3591.0,415
400972115,UFC 217: Bisping vs. St-Pierre,2017-11-05T02:00:00.000+00:00,1830.0,416
400972117,UFC Fight Night: Poirier vs. Pettis,2017-11-11T19:00:00.000+00:00,1940.0,417
400972118,UFC Fight Night: Werdum vs. Tybura,2017-11-18T18:30:00.000+00:00,5415.0,418
400972114,UFC Fight Night: Bisping vs. Gastelum,2017-11-26T04:00:00.000+00:00,4011.0,419
400972134,The Ultimate Fighter 26 Finale,2017-12-01T19:30:00.000+00:00,5416.0,420
400972119,UFC 218: Holloway vs. Aldo 2,2017-12-02T18:00:00.000+00:00,5404.0,421
400985822,UFC Fight Night: Swanson vs. Ortega,2017-12-09T18:30:00.000+00:00,914.0,422
400972123,UFC Fight Night: Lawler vs. dos Anjos,2017-12-17T01:00:00.000+00:00,1397.0,423
400972120,UFC 219: Cyborg vs. Holm,2017-12-30T19:30:00.000+00:00,5060.0,424
400999549,UFC Fight Night: Stephens vs. Choi,2018-01-14T18:30:00.000+00:00,1839.0,425
400999430,UFC 220: Miocic vs. Ngannou,2018-01-20T05:00:00.000+00:00,1824.0,426
400999869,UFC Fight Night: Jacare vs. Brunson 2,2018-01-28T01:00:00.000+00:00,1893.0,427
400999366,UFC Fight Night: Machida vs. Anders,2018-02-04T03:00:00.000+00:00,5465.0,428
400999582,UFC 221: Romero vs. Rockhold,2018-02-10T18:30:00.000+00:00,5462.0,429
400999870,UFC Fight Night: Cowboy vs. Medeiros,2018-02-18T18:00:00.000+00:00,2195.0,430
400999871,UFC Fight Night: Emmett vs. Stephens,2018-02-24T16:00:00.000+00:00,3432.0,431
400999550,UFC 222: Cyborg vs. Kunitskaya,2018-03-03T18:30:00.000+00:00,5060.0,432
400999627,UFC Fight Night: Werdum vs. Volkov,2018-03-17T21:00:00.000+00:00,2590.0,433
401012186,UFC 223: Khabib vs. Iaquinta,2018-04-07T20:00:00.000+00:00,3559.0,434
401011307,UFC Fight Night: Poirier vs. Gaethje,2018-04-15T00:00:00.000+00:00,1829.0,435
401017343,UFC Fight Night: Barboza vs. Lee,2018-04-22T02:00:00.000+00:00,722.0,436
401017344,UFC 224: Nunes vs. Pennington,2018-05-13T02:00:00.000+00:00,3155.0,437
401021503,UFC Fight Night: Maia vs. Usman,2018-05-19T18:30:00.000+00:00,5549.0,438
401026710,UFC Fight Night: Thompson vs. Till,2018-05-27T10:30:00.000+00:00,4443.0,439
401017493,UFC Fight Night: Rivera vs. Moraes,2018-06-02T02:00:00.000+00:00,5541.0,440
401017492,UFC 225: Whittaker vs. Romero 2,2018-06-09T23:00:00.000+00:00,1847.0,441
401025730,UFC Fight Night: Cowboy vs. Edwards,2018-06-23T23:00:00.000+00:00,3114.0,442
401006826,The Ultimate Fighter 27 Finale,2018-07-06T23:00:00.000+00:00,2650.0,443
401006827,UFC 226: Miocic vs. Cormier,2018-07-08T02:00:00.000+00:00,5060.0,444
401031114,UFC Fight Night: Dos Santos vs. Ivanov,2018-07-14T23:00:00.000+00:00,2229.0,445
401028392,UFC Fight Night: Shogun vs. Smith,2018-07-22T10:30:00.000+00:00,5252.0,446
401030616,UFC Fight Night: Alvarez vs. Poirier 2,2018-07-28T16:00:00.000+00:00,1843.0,447
401028930,UFC 227: Dillashaw vs. Garbrandt 2,2018-08-04T18:30:00.000+00:00,1841.0,448
401036886,UFC Fight Night: Gaethje vs. Vick,2018-08-25T18:30:00.000+00:00,4569.0,449
401035311,UFC 228: Woodley vs. Till,2018-09-08T18:00:00.000+00:00,516.0,450
401033913,UFC Fight Night: Hunt vs. Oleinik,2018-09-15T18:00:00.000+00:00,5379.0,451
401032731,UFC Fight Night: Marreta vs. Anders,2018-09-23T02:30:00.000+00:00,3591.0,452
401006828,UFC 229: Khabib vs. McGregor,2018-10-07T02:00:00.000+00:00,5060.0,453
401053583,UFC Fight Night: Volkan vs. Smith,2018-10-28T02:00:00.000+00:00,5633.0,454
401053584,UFC 230: Cormier vs. Lewis,2018-11-04T02:00:00.000+00:00,1830.0,455
401053585,UFC Fight Night: Korean Zombie vs. Rodriguez,2018-11-11T03:00:00.000+00:00,892.0,456
401053586,UFC Fight Night: Magny vs. Ponzinibbio,2018-11-18T03:00:00.000+00:00,6023.0,457
401053587,UFC Fight Night: Blaydes vs. Ngannou 2,2018-11-24T11:30:00.000+00:00,4010.0,458
401053589,The Ultimate Fighter 28 Finale,2018-12-01T03:00:00.000+00:00,2650.0,459
401053588,UFC Fight Night: Dos Santos vs. Tuivasa,2018-12-01T05:00:00.000+00:00,4934.0,460
401053582,UFC 231: Holloway vs. Ortega,2018-12-09T03:00:00.000+00:00,1838.0,461
401053610,UFC Fight Night: Lee vs. Iaquinta 2,2018-12-16T01:00:00.000+00:00,5777.0,462
401006829,UFC 232: Jones vs. Gustafsson 2,2018-12-30T03:00:00.000+00:00,2505.0,463
401098393,UFC Fight Night: Cejudo vs. Dillashaw,2019-01-19T23:00:00.000+00:00,3559.0,464
401098395,UFC Fight Night: Assuncao vs. Moraes 2,2019-02-02T22:00:00.000+00:00,5357.0,465
401098396,UFC 234: Adesanya vs. Silva,2019-02-10T00:00:00.000+00:00,5318.0,466
401098397,UFC Fight Night: Ngannou vs. Velasquez,2019-02-17T22:30:00.000+00:00,1949.0,467
401098398,UFC Fight Night: Blachowicz vs. Santos,2019-02-23T16:00:00.000+00:00,6029.0,468
401098399,UFC 235: Jones vs. Smith,2019-03-02T23:30:00.000+00:00,5060.0,469
401098400,UFC Fight Night: Lewis vs. Dos Santos,2019-03-09T22:00:00.000+00:00,3373.0,470
401098294,UFC Fight Night: Till vs. Masvidal,2019-03-16T17:00:00.000+00:00,2590.0,471
401098401,UFC Fight Night: Thompson vs. Pettis,2019-03-23T21:00:00.000+00:00,1834.0,472
401098402,UFC Fight Night: Barboza vs. Gaethje,2019-03-30T19:30:00.000+00:00,1845.0,473
401107793,UFC 236: Holloway vs. Poirier 2,2019-04-13T22:15:00.000+00:00,1827.0,474
401107794,UFC Fight Night: Overeem vs. Oleinik,2019-04-20T14:00:00.000+00:00,4058.0,475
401107795,UFC Fight Night: Jacare vs. Hermansson,2019-04-27T21:30:00.000+00:00,1840.0,476
401107796,UFC Fight Night: Iaquinta vs. Cowboy,2019-05-04T21:00:00.000+00:00,1832.0,477
401107797,UFC 237: Namajunas vs. Andrade,2019-05-11T22:30:00.000+00:00,3155.0,478
401107798,UFC Fight Night: Dos Anjos vs. Lee,2019-05-18T21:00:00.000+00:00,112.0,479
401107799,UFC Fight Night: Gustafsson vs. Smith,2019-06-01T14:00:00.000+00:00,2214.0,480
401107800,UFC 238: Cejudo vs. Moraes,2019-06-08T22:15:00.000+00:00,1847.0,481
401107801,UFC Fight Night: Moicano vs. The Korean Zombie,2019-06-22T20:00:00.000+00:00,4808.0,482
401107802,UFC Fight Night: Ngannou vs. Dos Santos,2019-06-29T22:00:00.000+00:00,2029.0,483
401122133,UFC 239: Jones vs. Santos,2019-07-06T22:15:00.000+00:00,5060.0,484
401129395,UFC Fight Night: De Randamie vs. Ladd,2019-07-13T21:00:00.000+00:00,5310.0,485
401131735,UFC Fight Night: Dos Anjos vs. Edwards,2019-07-20T22:00:00.000+00:00,780.0,486
401131019,UFC 240: Holloway vs. Edgar,2019-07-27T23:00:00.000+00:00,5282.0,487
401131736,UFC Fight Night: Covington vs. Lawler,2019-08-03T16:00:00.000+00:00,1826.0,488
401131737,UFC Fight Night: Shevchenko vs. Carmouche 2,2019-08-10T21:00:00.000+00:00,6203.0,489
401130480,UFC 241: Cormier vs. Miocic 2,2019-08-17T22:30:00.000+00:00,1842.0,490
401131738,UFC Fight Night: Andrade vs. Zhang,2019-08-31T07:00:00.000+00:00,5073.0,491
401129626,UFC 242: Khabib vs. Poirier,2019-09-07T14:15:00.000+00:00,6224.0,492
401131739,UFC Fight Night: Cowboy vs. Gaethje,2019-09-14T21:00:00.000+00:00,1833.0,493
401131740,UFC Fight Night: Rodriguez vs. Stephens,2019-09-21T21:00:00.000+00:00,5779.0,494
401131741,UFC Fight Night: Hermansson vs. Cannonier,2019-09-28T15:00:00.000+00:00,6216.0,495
401131742,UFC 243: Whittaker vs. Adesanya,2019-10-05T22:45:00.000+00:00,6255.0,496
401131743,UFC Fight Night: Joanna vs. Waterson,2019-10-12T21:00:00.000+00:00,1396.0,497
401131744,UFC Fight Night: Reyes vs. Weidman,2019-10-18T22:00:00.000+00:00,1824.0,498
401131745,UFC Fight Night: Maia vs. Askren,2019-10-26T09:30:00.000+00:00,3114.0,499
401131746,UFC 244: Masvidal vs. Diaz,2019-11-02T22:30:00.000+00:00,1830.0,500
401131748,UFC Fight Night: Zabit vs. Kattar,2019-11-09T16:00:00.000+00:00,6169.0,501
401131747,UFC Fight Night: Blachowicz vs. Jacare,2019-11-16T22:00:00.000+00:00,4114.0,502
401131749,UFC Fight Night: Overeem vs. Rozenstruik,2019-12-07T22:45:00.000+00:00,1823.0,503
401131750,UFC 245: Usman vs. Covington,2019-12-14T23:15:00.000+00:00,5060.0,504
401131751,UFC Fight Night: Edgar vs. The Korean Zombie,2019-12-21T07:00:00.000+00:00,6251.0,505
401186853,UFC 246: McGregor vs. Cowboy,2020-01-19T00:00:00.000+00:00,5060.0,506
401184483,UFC Fight Night: Blaydes vs. Dos Santos,2020-01-25T22:00:00.000+00:00,999.0,507
401186107,UFC 247: Jones vs. Reyes,2020-02-08T23:30:00.000+00:00,1394.0,508
401186108,UFC Fight Night: Anderson vs. Blachowicz 2,2020-02-15T22:00:00.000+00:00,2646.0,509
401185213,UFC Fight Night: Felder vs. Hooker,2020-02-22T21:00:00.000+00:00,4741.0,510
401189213,UFC Fight Night: Benavidez vs. Figueiredo,2020-02-29T22:00:00.000+00:00,1940.0,511
401189215,UFC 248: Adesanya vs. Romero,2020-03-08T00:00:00.000+00:00,5060.0,512
401197169,UFC Fight Night: Lee vs. Oliveira,2020-03-14T19:00:00.000+00:00,3172.0,513
401214013,UFC 249: Ferguson vs. Gaethje,2020-05-09T22:00:00.000+00:00,687.0,514
401219973,UFC Fight Night: Smith vs. Teixeira,2020-05-13T22:00:00.000+00:00,687.0,515
401216234,UFC Fight Night: Overeem vs. Harris,2020-05-16T22:00:00.000+00:00,687.0,516
401220707,UFC Fight Night: Woodley vs. Burns,2020-05-30T22:00:00.000+00:00,6176.0,517
401214015,UFC 250: Nunes vs. Spencer,2020-06-06T22:00:00.000+00:00,6176.0,518
401220846,UFC Fight Night: Eye vs. Calvillo,2020-06-13T23:00:00.000+00:00,6176.0,519
401220847,UFC Fight Night: Blaydes vs. Volkov,2020-06-20T21:00:00.000+00:00,6176.0,520
401220968,UFC Fight Night: Poirier vs. Hooker,2020-06-27T22:00:00.000+00:00,6176.0,521
401217353,UFC 251: Usman vs. Masvidal,2020-07-11T22:00:00.000+00:00,4714.0,522
401220964,UFC Fight Night: Kattar vs. Ige,2020-07-15T23:00:00.000+00:00,4714.0,523
401220965,UFC Fight Night: Figueiredo vs. Benavidez 2,2020-07-18T21:00:00.000+00:00,4714.0,524
401220966,UFC Fight Night: Whittaker vs. Till,2020-07-25T21:00:00.000+00:00,4714.0,525
401221004,UFC Fight Night: Brunson vs. Shahbazyan,2020-08-01T23:00:00.000+00:00,6176.0,526
401221827,UFC Fight Night: Lewis vs. Oleinik,2020-08-08T22:00:00.000+00:00,6176.0,527
401220967,UFC 252: Miocic vs. Cormier 3,2020-08-15T22:00:00.000+00:00,6176.0,528
401221825,UFC Fight Night: Munhoz vs. Edgar,2020-08-22T22:30:00.000+00:00,6176.0,529
401221826,UFC Fight Night: Smith vs. Rakic,2020-08-29T22:00:00.000+00:00,6176.0,530
401222725,UFC Fight Night: Overeem vs. Sakai,2020-09-05T23:00:00.000+00:00,6176.0,531
401222726,UFC Fight Night: Waterson vs. Hill,2020-09-12T21:00:00.000+00:00,6176.0,532
401222488,UFC Fight Night: Covington vs. Woodley,2020-09-19T21:00:00.000+00:00,6176.0,533
401221824,UFC 253: Adesanya vs. Costa,2020-09-26T23:00:00.000+00:00,4714.0,534
401222489,UFC Fight Night: Holm vs. Aldana,2020-10-03T23:30:00.000+00:00,4714.0,535
401223164,UFC Fight Night: Moraes vs. Sandhagen,2020-10-10T21:00:00.000+00:00,4714.0,536
401222984,UFC Fight Night: Ortega vs. The Korean Zombie,2020-10-17T20:00:00.000+00:00,4714.0,537
401221918,UFC 254: Khabib vs. Gaethje,2020-10-24T15:00:00.000+00:00,4714.0,538
401223930,UFC Fight Night: Hall vs. Silva,2020-10-31T20:00:00.000+00:00,6176.0,539
401224364,UFC Fight Night: Santos vs. Teixeira,2020-11-08T00:30:00.000+00:00,6176.0,540
401222707,UFC Fight Night: Felder vs. Dos Anjos,2020-11-14T22:00:00.000+00:00,6176.0,541
401224104,UFC 255: Figueiredo vs. Perez,2020-11-21T23:30:00.000+00:00,6176.0,542
401223931,UFC Fight Night: Smith vs. Clark,2020-11-29T01:00:00.000+00:00,6176.0,543
600000500,UFC Fight Night: Hermansson vs. Vettori,2020-12-06T01:00:00.000+00:00,6176.0,544
600000340,UFC 256: Figueiredo vs. Moreno,2020-12-13T00:30:00.000+00:00,6176.0,545
600000760,UFC Fight Night: Thompson vs. Neal,2020-12-19T21:00:00.000+00:00,6176.0,546
600000637,UFC Fight Night: Holloway vs. Kattar,2021-01-16T17:00:00.000+00:00,7126.0,547
600001720,UFC Fight Night: Chiesa vs. Magny,2021-01-20T14:00:00.000+00:00,7126.0,548
600000835,UFC 257: Poirier vs. McGregor 2,2021-01-24T00:00:00.000+00:00,7126.0,549
600002201,UFC Fight Night: Overeem vs. Volkov,2021-02-06T22:00:00.000+00:00,6176.0,550
600000638,UFC 258: Usman vs. Burns,2021-02-14T00:00:00.000+00:00,6176.0,551
600002200,UFC Fight Night: Blaydes vs. Lewis,2021-02-20T22:00:00.000+00:00,6176.0,552
600002600,UFC Fight Night: Rozenstruik vs. Gane,2021-02-27T23:00:00.000+00:00,6176.0,553
600001860,UFC 259: Blachowicz vs. Adesanya,2021-03-06T22:15:00.000+00:00,6176.0,554
600002541,UFC Fight Night: Edwards vs. Muhammad,2021-03-13T22:00:00.000+00:00,6176.0,555
600003480,UFC Fight Night: Brunson vs. Holland,2021-03-20T23:30:00.000+00:00,6176.0,556
600002601,UFC 260: Miocic vs. Ngannou 2,2021-03-27T23:30:00.000+00:00,6176.0,557
600004560,UFC Fight Night: Vettori vs. Holland,2021-04-10T15:30:00.000+00:00,6176.0,558
600004180,UFC Fight Night: Whittaker vs. Gastelum,2021-04-17T23:00:00.000+00:00,6176.0,559
600004360,UFC 261: Usman vs. Masvidal 2,2021-04-24T22:00:00.000+00:00,687.0,560
600004911,UFC Fight Night: Reyes vs. Prochazka,2021-05-01T23:00:00.000+00:00,6176.0,561
600004802,UFC Fight Night: Rodriguez vs. Waterson,2021-05-08T22:00:00.000+00:00,6176.0,562
600004800,UFC 262: Oliveira vs. Chandler,2021-05-15T22:30:00.000+00:00,1394.0,563
600004801,UFC Fight Night: Font vs. Garbrandt,2021-05-22T20:00:00.000+00:00,6176.0,564
600006285,UFC Fight Night: Rozenstruik vs. Sakai,2021-06-05T20:00:00.000+00:00,6176.0,565
600005882,UFC 263: Adesanya vs. Vettori 2,2021-06-12T22:00:00.000+00:00,1829.0,566
600006201,UFC Fight Night: The Korean Zombie vs. Ige,2021-06-19T20:00:00.000+00:00,6176.0,567
600005315,UFC Fight Night: Gane vs. Volkov,2021-06-26T17:00:00.000+00:00,6176.0,568
600005500,UFC 264: Poirier vs. McGregor 3,2021-07-10T22:00:00.000+00:00,5060.0,569
600006953,UFC Fight Night: Makhachev vs. Moises,2021-07-17T23:00:00.000+00:00,6176.0,570
600006954,UFC Fight Night: Sandhagen vs. Dillashaw,2021-07-24T20:00:00.000+00:00,6176.0,571
600007669,UFC Fight Night: Hall vs. Strickland,2021-07-31T22:30:00.000+00:00,6176.0,572
600006400,UFC 265: Lewis vs. Gane,2021-08-07T22:00:00.000+00:00,1394.0,573
600006804,UFC Fight Night: Cannonier vs. Gastelum,2021-08-21T23:00:00.000+00:00,6176.0,574
600008941,UFC Fight Night: Barboza vs. Chikadze,2021-08-28T23:00:00.000+00:00,6176.0,575
600009540,UFC Fight Night: Brunson vs. Till,2021-09-04T18:00:00.000+00:00,6176.0,576
600009680,UFC Fight Night: Smith vs. Spann,2021-09-18T20:00:00.000+00:00,6176.0,577
600006401,UFC 266: Volkanovski vs. Ortega,2021-09-25T22:00:00.000+00:00,5060.0,578
600009834,UFC Fight Night: Santos vs. Walker,2021-10-02T20:00:00.000+00:00,6176.0,579
600010160,UFC Fight Night: Dern vs. Rodriguez,2021-10-09T18:00:00.000+00:00,6176.0,580
600010407,UFC Fight Night: Ladd vs. Dumont,2021-10-16T20:30:00.000+00:00,6176.0,581
600010587,UFC Fight Night: Costa vs. Vettori,2021-10-23T17:00:00.000+00:00,6176.0,582
600009660,UFC 267: Blachowicz vs. Teixeira,2021-10-30T14:30:00.000+00:00,7126.0,583
600010313,UFC 268: Usman vs. Covington 2,2021-11-06T22:00:00.000+00:00,1830.0,584
600011067,UFC Fight Night: Holloway vs. Rodriguez,2021-11-13T18:00:00.000+00:00,6176.0,585
600011247,UFC Fight Night: Vieira vs. Tate,2021-11-20T20:00:00.000+00:00,6176.0,586
600011267,UFC Fight Night: Font vs. Aldo,2021-12-05T00:00:00.000+00:00,6176.0,587
600010340,UFC 269: Oliveira vs. Poirier,2021-12-11T23:00:00.000+00:00,5060.0,588
600011248,UFC Fight Night: Lewis vs. Daukaus,2021-12-18T21:00:00.000+00:00,6176.0,589
600013389,UFC Fight Night: Kattar vs. Chikadze,2022-01-15T22:00:00.000+00:00,6176.0,590
600011827,UFC 270: Ngannou vs. Gane,2022-01-23T00:00:00.000+00:00,1842.0,591
600014067,UFC Fight Night: Hermansson vs. Strickland,2022-02-05T21:00:00.000+00:00,6176.0,592
600013887,UFC 271: Adesanya vs. Whittaker 2,2022-02-12T23:00:00.000+00:00,1394.0,593
600014767,UFC Fight Night: Walker vs. Hill,2022-02-19T21:00:00.000+00:00,6176.0,594
600014327,UFC Fight Night: Makhachev vs. Green,2022-02-26T21:00:00.000+00:00,6176.0,595
600013889,UFC 272: Covington vs. Masvidal,2022-03-05T23:00:00.000+00:00,5060.0,596
600014167,UFC Fight Night: Santos vs. Ankalaev,2022-03-12T21:00:00.000+00:00,6176.0,597
600015251,UFC Fight Night: Volkov vs. Aspinall,2022-03-19T17:30:00.000+00:00,2590.0,598
600013888,UFC Fight Night: Blaydes vs. Daukaus,2022-03-26T20:00:00.000+00:00,1828.0,599
600016207,UFC 273: Volkanovski vs. The Korean Zombie,2022-04-09T22:30:00.000+00:00,687.0,600
600016208,UFC Fight Night: Luque vs. Muhammad 2,2022-04-16T21:30:00.000+00:00,6176.0,601
600016209,UFC Fight Night: Lemos vs. Andrade,2022-04-23T22:00:00.000+00:00,6176.0,602
600016747,UFC Fight Night: Font vs. Vera,2022-04-30T20:00:00.000+00:00,6176.0,603
600017087,UFC 274: Oliveira vs. Gaethje,2022-05-07T21:30:00.000+00:00,1949.0,604
600018367,UFC Fight Night: Blachowicz vs. Rakic,2022-05-14T23:30:00.000+00:00,6176.0,605
600018214,UFC Fight Night: Holm vs. Vieira,2022-05-21T20:00:00.000+00:00,6176.0,606
600018857,UFC Fight Night: Volkov vs. Rozenstruik,2022-06-04T17:00:00.000+00:00,6176.0,607
600018247,UFC 275: Teixeira vs. Prochzka,2022-06-11T23:00:00.000+00:00,3114.0,608
600019387,UFC Fight Night: Kattar vs. Emmett,2022-06-18T20:00:00.000+00:00,7317.0,609
600020441,UFC Fight Night: Tsarukyan vs. Gamrot,2022-06-25T23:00:00.000+00:00,6176.0,610
600015541,UFC 276: Adesanya vs. Cannonier,2022-07-02T22:00:00.000+00:00,5060.0,611
600019227,UFC Fight Night: Dos Anjos vs. Fiziev,2022-07-09T22:00:00.000+00:00,6176.0,612
600020987,UFC Fight Night: Ortega vs. Rodriguez,2022-07-16T15:00:00.000+00:00,7226.0,613
600019287,UFC Fight Night: Blaydes vs. Aspinall,2022-07-23T16:00:00.000+00:00,2590.0,614
600020707,UFC 277: Pea vs. Nunes 2,2022-07-30T22:00:00.000+00:00,516.0,615
600021087,UFC Fight Night: Santos vs. Hill,2022-08-06T23:30:00.000+00:00,6176.0,616
600022153,UFC Fight Night: Vera vs. Cruz,2022-08-13T20:00:00.000+00:00,697.0,617
600021776,UFC 278: Usman vs. Edwards 2,2022-08-20T22:30:00.000+00:00,3093.0,618
600020487,UFC Fight Night: Gane vs. Tuivasa,2022-09-03T16:00:00.000+00:00,6271.0,619
600023167,UFC 279: Diaz vs. Ferguson,2022-09-10T22:00:00.000+00:00,5060.0,620
600022789,UFC Fight Night: Sandhagen vs. Song,2022-09-17T20:00:00.000+00:00,6176.0,621
600023587,UFC Fight Night: Dern vs. Yan,2022-10-01T20:00:00.000+00:00,6176.0,622
600023508,UFC Fight Night: Grasso vs. Araujo,2022-10-15T20:00:00.000+00:00,6176.0,623
600017767,UFC 280: Oliveira vs. Makhachev,2022-10-22T14:00:00.000+00:00,7126.0,624
600023527,UFC Fight Night: Kattar vs. Allen,2022-10-29T20:00:00.000+00:00,6176.0,625
600024347,UFC Fight Night: Rodriguez vs. Lemos,2022-11-05T20:00:00.000+00:00,6176.0,626
600023427,UFC 281: Adesanya vs. Pereira,2022-11-12T23:00:00.000+00:00,1830.0,627
600024907,UFC Fight Night: Nzechukwu vs. Cutelaba,2022-11-19T18:00:00.000+00:00,6176.0,628
600024851,UFC Fight Night: Thompson vs. Holland,2022-12-04T00:00:00.000+00:00,3432.0,629
600025607,UFC 282: Blachowicz vs. Ankalaev,2022-12-10T23:30:00.000+00:00,5060.0,630
600023847,UFC Fight Night: Cannonier vs. Strickland,2022-12-17T21:00:00.000+00:00,6176.0,631
600026147,UFC Fight Night: Strickland vs. Imavov,2023-01-14T21:00:00.000+00:00,6176.0,632
600023647,UFC 283: Teixeira vs. Hill,2023-01-21T22:30:00.000+00:00,3155.0,633
600027632,UFC Fight Night: Lewis vs. Spivac,2023-02-05T03:00:00.000+00:00,6176.0,634
600025531,UFC 284: Makhachev vs. Volkanovski,2023-02-11T23:00:00.000+00:00,6524.0,635
600027447,UFC Fight Night: Andrade vs. Blanchfield,2023-02-18T21:00:00.000+00:00,6176.0,636
600027450,UFC Fight Night: Muniz vs. Allen,2023-02-25T21:00:00.000+00:00,6176.0,637
600027449,UFC 285: Jones vs. Gane,2023-03-04T22:30:00.000+00:00,5060.0,638
600027448,UFC Fight Night: Yan vs. Dvalishvili,2023-03-11T20:00:00.000+00:00,7438.0,639
600027407,UFC 286: Edwards vs. Usman 3,2023-03-18T16:30:00.000+00:00,2590.0,640
600027451,UFC Fight Night: Vera vs. Sandhagen,2023-03-25T20:30:00.000+00:00,780.0,641
600029512,UFC 287: Pereira vs. Adesanya 2,2023-04-09T02:00:00.000+00:00,3438.0,642
600030131,UFC Fight Night: Holloway vs. Allen,2023-04-15T21:30:00.000+00:00,2561.0,643
600030732,UFC Fight Night: Pavlovich vs. Blaydes,2023-04-22T20:30:00.000+00:00,6176.0,644
600032152,UFC Fight Night: Song vs. Simon,2023-04-29T20:30:00.000+00:00,6176.0,645
600031072,UFC 288: Sterling vs. Cejudo,2023-05-06T22:30:00.000+00:00,1826.0,646
600032692,UFC Fight Night: Rozenstruik vs. Almeida,2023-05-13T16:00:00.000+00:00,1893.0,647
600033352,UFC Fight Night: Dern vs. Hill,2023-05-20T20:00:00.000+00:00,6176.0,648
600033393,UFC Fight Night: Kara-France vs. Albazi,2023-06-03T22:00:00.000+00:00,6176.0,649
600032952,UFC 289: Nunes vs. Aldana,2023-06-10T23:00:00.000+00:00,1833.0,650
600033395,UFC Fight Night: Vettori vs. Cannonier,2023-06-17T23:00:00.000+00:00,6176.0,651
600033394,UFC Fight Night: Emmett vs. Topuria,2023-06-24T15:30:00.000+00:00,687.0,652
600033392,UFC Fight Night: Strickland vs. Magomedov,2023-07-01T20:00:00.000+00:00,6176.0,653
600031074,UFC 290: Volkanovski vs. Rodriguez,2023-07-08T22:00:00.000+00:00,5060.0,654
600033932,UFC Fight Night: Holm vs. Bueno Silva,2023-07-15T23:00:00.000+00:00,6176.0,655
600033408,UFC Fight Night: Aspinall vs. Tybura,2023-07-22T16:00:00.000+00:00,2590.0,656
600034052,UFC 291: Poirier vs. Gaethje 2,2023-07-29T22:00:00.000+00:00,3093.0,657
600035212,UFC Fight Night: Sandhagen vs. Font,2023-08-05T22:00:00.000+00:00,1834.0,658
600034512,UFC Fight Night: Luque vs. Dos Anjos,2023-08-12T20:00:00.000+00:00,6176.0,659
600034053,UFC 292: Sterling vs. O'Malley,2023-08-19T22:30:00.000+00:00,1824.0,660
600035213,UFC Fight Night: Holloway vs. The Korean Zombie,2023-08-26T09:00:00.000+00:00,3114.0,661
600035214,UFC Fight Night: Gane vs. Spivac,2023-09-02T16:30:00.000+00:00,6271.0,662
600034272,UFC 293: Adesanya vs. Strickland,2023-09-09T22:00:00.000+00:00,5415.0,663
600035912,Noche UFC: Grasso vs. Shevchenko 2,2023-09-16T23:00:00.000+00:00,5060.0,664
600037292,UFC Fight Night: Fiziev vs. Gamrot,2023-09-23T20:00:00.000+00:00,6176.0,665
600037932,UFC Fight Night: Dawson vs. Green,2023-10-07T20:00:00.000+00:00,6176.0,666
600038272,UFC Fight Night: Yusuff vs. Barboza,2023-10-14T20:00:00.000+00:00,6176.0,667
600031832,UFC 294: Makhachev vs. Volkanovski 2,2023-10-21T14:00:00.000+00:00,7126.0,668
600037492,UFC Fight Night: Almeida vs. Lewis,2023-11-04T22:00:00.000+00:00,4114.0,669
600036292,UFC 295: Prochzka vs. Pereira,2023-11-11T23:00:00.000+00:00,1830.0,670
600037752,UFC Fight Night: Allen vs. Craig,2023-11-18T19:00:00.000+00:00,6176.0,671
600039593,UFC Fight Night: Dariush vs. Tsarukyan,2023-12-02T21:00:00.000+00:00,7317.0,672
600039634,UFC Fight Night: Song vs. Gutierrez,2023-12-10T00:30:00.000+00:00,6176.0,673
600038652,UFC 296: Edwards vs. Covington,2023-12-16T23:30:00.000+00:00,5060.0,674
600039893,UFC Fight Night: Ankalaev vs. Walker 2,2024-01-13T21:00:00.000+00:00,6176.0,675
600039713,UFC 297: Strickland vs. Du Plessis,2024-01-20T23:30:00.000+00:00,1838.0,676
600040373,UFC Fight Night: Dolidze vs. Imavov,2024-02-03T21:00:00.000+00:00,6176.0,677
600040033,UFC Fight Night: Hermansson vs. Pyfer,2024-02-10T21:00:00.000+00:00,6176.0,678
600039753,UFC 298: Volkanovski vs. Topuria,2024-02-17T23:30:00.000+00:00,1842.0,679
600041054,UFC Fight Night: Moreno vs. Royval 2,2024-02-25T00:00:00.000+00:00,4008.0,680
600042433,UFC Fight Night: Rozenstruik vs. Gaziev,2024-03-02T18:30:00.000+00:00,6176.0,681
600039754,UFC 299: O'Malley vs. Vera 2,2024-03-09T23:00:00.000+00:00,3438.0,682
600041993,UFC Fight Night: Tuivasa vs. Tybura,2024-03-16T20:00:00.000+00:00,6176.0,683
600041994,UFC Fight Night: Ribas vs. Namajunas,2024-03-23T23:00:00.000+00:00,6176.0,684
600041055,UFC Fight Night: Blanchfield vs. Fiorot,2024-03-30T23:00:00.000+00:00,7581.0,685
600041733,UFC Fight Night: Allen vs. Curtis 2,2024-04-06T19:00:00.000+00:00,6176.0,686
600041053,UFC 300: Pereira vs. Hill,2024-04-13T22:00:00.000+00:00,5060.0,687
600043333,UFC Fight Night: Nicolau vs. Perez,2024-04-27T20:00:00.000+00:00,6176.0,688
600043073,UFC 301: Pantoja vs. Erceg,2024-05-04T22:00:00.000+00:00,3155.0,689
600043713,UFC Fight Night: Lewis vs. Nascimento,2024-05-11T20:00:00.000+00:00,1839.0,690
600044353,UFC Fight Night: Barboza vs. Murphy,2024-05-18T20:00:00.000+00:00,6176.0,691
600044413,UFC 302: Makhachev vs. Poirier,2024-06-01T22:30:00.000+00:00,1826.0,692
600044933,UFC Fight Night: Cannonier vs. Imavov,2024-06-08T21:00:00.000+00:00,2030.0,693
600045713,UFC Fight Night: Perez vs. Taira,2024-06-15T23:00:00.000+00:00,6176.0,694
600042393,UFC Fight Night: Whittaker vs. Aliskerov,2024-06-22T16:00:00.000+00:00,7669.0,695
600043173,UFC 303: Pereira vs. Prochzka 2,2024-06-29T22:00:00.000+00:00,5060.0,696
600046021,UFC Fight Night: Namajunas vs. Cortez,2024-07-13T23:00:00.000+00:00,892.0,697
600046020,UFC Fight Night: Lemos vs. Jandiroba,2024-07-20T21:00:00.000+00:00,6176.0,698
600045073,UFC 304: Edwards vs. Muhammad 2,2024-07-27T22:00:00.000+00:00,9050.0,699
600043635,UFC Fight Night: Sandhagen vs. Nurmagomedov,2024-08-03T16:00:00.000+00:00,7126.0,700
600048251,UFC Fight Night: Tybura vs. Spivac 2,2024-08-10T20:00:00.000+00:00,6176.0,701
600044293,UFC 305: Du Plessis vs. Adesanya,2024-08-17T22:30:00.000+00:00,6524.0,702
600048324,UFC Fight Night: Cannonier vs. Borralho,2024-08-24T23:00:00.000+00:00,6176.0,703
600046942,UFC Fight Night: Burns vs. Brady,2024-09-07T20:00:00.000+00:00,6176.0,704
600039853,UFC 306 - Riyadh Season Noche UFC: O'Malley vs. Dvalishvili,2024-09-14T23:30:00.000+00:00,7573.0,705
600045735,UFC Fight Night: Moicano vs. Saint Denis,2024-09-28T16:00:00.000+00:00,10660.0,706
600048801,UFC 307: Pereira vs. Rountree Jr.,2024-10-05T22:30:00.000+00:00,3093.0,707
600049121,UFC Fight Night: Royval vs. Taira,2024-10-12T20:00:00.000+00:00,6176.0,708
600049122,UFC Fight Night: Hernandez vs. Pereira,2024-10-19T20:00:00.000+00:00,6176.0,709
600044733,UFC 308: Topuria vs. Holloway,2024-10-26T14:00:00.000+00:00,7126.0,710
600048961,UFC Fight Night: Moreno vs. Albazi,2024-11-02T21:00:00.000+00:00,5282.0,711
600049123,UFC Fight Night: Magny vs. Prates,2024-11-09T21:00:00.000+00:00,6176.0,712
600049124,UFC 309: Jones vs. Miocic,2024-11-16T23:00:00.000+00:00,1830.0,713
600048962,UFC Fight Night: Yan vs. Figueiredo,2024-11-23T08:00:00.000+00:00,10671.0,714
600049125,UFC 310: Pantoja vs. Asakura,2024-12-07T23:00:00.000+00:00,5060.0,715
600049126,UFC Fight Night: Covington vs. Buckley,2024-12-15T00:00:00.000+00:00,1396.0,716
