ufcstats_id,bestfightodds_id,betmma_id,espn_id,fightmatrix_id,fightoddsio_id,mmadecisions_id,sherdog_id,tapology_id,wikipedia_id
6420efac0578988b,,,400255729,1022,RXZlbnROb2RlOjExOQ==,,7,ufc-1-the-beginning,1
a6a9ab5a824e8f66,,,400255726,1025,RXZlbnROb2RlOjEyMA==,,8,ufc-2-no-way-out,2
1a49e0670dfaca31,,,400255721,1028,RXZlbnROb2RlOjEyMQ==,,9,ufc-3-the-american-dream,3
b60391da771deefe,,,400255719,1031,RXZlbnROb2RlOjEyMg==,,10,ufc-4-revenge-of-the-warriors,4
dedc3bb440d09554,,,400255714,1034,RXZlbnROb2RlOjEyMw==,5,11,ufc-5-return-of-the-beast,5
1c3f5e85b59ec710,,,400255712,1037,RXZlbnROb2RlOjEyNA==,,12,ufc-6-clash-of-the-titans,6
5af480a3b2e1726b,,,400255710,1040,RXZlbnROb2RlOjEyNQ==,7,13,ufc-7-the-brawl-in-buffalo,7
31bbd46d57dfbcb7,,,400255707,1043,RXZlbnROb2RlOjEyNg==,8,14,ufc-75-ultimate-ultimate-1995,8
b63e800c18e011b5,,,400255705,1046,RXZlbnROb2RlOjEyNw==,9,15,ufc-8-david-vs-goliath,9
a390eb8a9b2df298,,,400255701,1049,RXZlbnROb2RlOjEyOA==,10,16,ufc-9-motor-city-madness,10
aee8eecfc4bfb1e7,,,400255697,1052,RXZlbnROb2RlOjEyOQ==,11,17,ufc-10-the-tournament,11
6ceff86fae4f6b3b,,,400255694,1055,RXZlbnROb2RlOjEzMA==,12,18,ufc-11-the-proving-ground,12
9b5b5a75523728f3,,,400255688,1058,RXZlbnROb2RlOjEzMQ==,,19,ufc-115-ultimate-ultimate-1996,13
96eff1a628adcc7f,,,400255685,1061,RXZlbnROb2RlOjEzMg==,14,20,ufc-12-judgement-day,14
5bd533d50c8e7b8a,,,400255678,1064,RXZlbnROb2RlOjEzMw==,15,21,ufc-13-ultimate-force,15
dc950d59dc590aca,,,400255669,1067,RXZlbnROb2RlOjEzNQ==,16,22,ufc-14-showdown,16
07a18ae55dfc3cd9,,,400255653,1070,RXZlbnROb2RlOjEzNw==,17,23,ufc-15-collision-course,17
29f935654825331b,,,400255645,1073,RXZlbnROb2RlOjEzOA==,18,24,ufc-155-ultimate-japan,18
749685d24e2cac50,,,400255637,1076,RXZlbnROb2RlOjEzOQ==,19,25,ufc-16-battle-in-the-bayou,19
4a01dc8376736ef5,,,400255629,1079,RXZlbnROb2RlOjE0MQ==,20,26,ufc-17-redemption,20
32a3025d5db456ae,,,400255609,1082,RXZlbnROb2RlOjE0NA==,21,27,ufc-175-ultimate-brazil,21
c9bbf1a0285a8076,,,400255591,1085,RXZlbnROb2RlOjE0NQ==,22,28,ufc-18-the-road-to-the-heavyweight-title,22
a220be6d41d6f97d,,,400255576,1088,RXZlbnROb2RlOjE0Ng==,23,29,ufc-19-ultimate-young-guns,23
a7b48e18ca27795d,,,400255552,1091,RXZlbnROb2RlOjE0OA==,24,30,ufc-20-battle-for-the-gold,24
1a1a4d7a29041d77,,,400255529,1094,RXZlbnROb2RlOjE1MA==,25,31,ufc-21-return-of-the-champions,25
afaad7d6a581e307,,,400255511,1097,RXZlbnROb2RlOjE1Mg==,26,32,ufc-22-only-one-can-be-champion,26
a8fa0c4e95512806,,,400255493,1100,RXZlbnROb2RlOjE1Mw==,27,33,ufc-23-ultimate-japan-2,27
20ec0061400178ca,,,400255459,1103,RXZlbnROb2RlOjE1Ng==,28,34,ufc-24-first-defense,28
d2b1c1317a39f6c6,,,400255445,1106,RXZlbnROb2RlOjE1Nw==,29,35,ufc-25-ultimate-japan-3,29
cedfdf8d423d500c,,,400255423,1109,RXZlbnROb2RlOjE2MA==,30,36,ufc-26-ultimate-field-of-dreams,30
31652c9267606d54,,,400255377,1112,RXZlbnROb2RlOjE2Mg==,31,37,ufc-27-ultimate-bad-boyz,31
da6dfd09cca1d705,,,400255359,1115,RXZlbnROb2RlOjE2NA==,32,38,ufc-28-high-stakes,32
08ae5cd9aef7ddd3,,,400255343,1118,RXZlbnROb2RlOjE2NQ==,33,39,ufc-29-defense-of-the-belts,33
2b1587a3376ab743,,,400255324,1121,RXZlbnROb2RlOjE2Nw==,34,40,ufc-30-battle-on-the-boardwalk,34
20bd6c3e03c46ee6,,,400255284,1847,RXZlbnROb2RlOjE3MA==,35,282,ufc-31-locked-and-loaded,35
7b9aa973e5c04624,,,400255263,2288,RXZlbnROb2RlOjE3Mg==,36,429,ufc-32-showdown-in-the-meadowlands,36
c75b99887c8c3f5a,,,400255224,2291,RXZlbnROb2RlOjE3Ng==,37,430,ufc-33-victory-in-vegas,37
4dc496aa0cfc0d95,,,400255208,2621,RXZlbnROb2RlOjE3OA==,38,540,ufc-34-high-voltage,38
946f341df6472ee0,,,400255174,3005,RXZlbnROb2RlOjE4Mg==,39,668,ufc-35-throwdown,39
02fc8f50f56eb307,,,400255147,3314,RXZlbnROb2RlOjE4Nw==,40,771,ufc-36-worlds-collide,40
9fd1f08dd4aec14a,,,400255123,3551,RXZlbnROb2RlOjE4OQ==,41,850,ufc-37-high-impact,41
9ccdd2ce45903f34,,,400255100,3704,RXZlbnROb2RlOjE5Mg==,42,901,ufc-375-as-real-as-it-gets,42
1dc56b59cb28425d,,,400255089,3770,RXZlbnROb2RlOjE5NA==,43,923,ufc-38-brawl-at-the-hall,43
0cf935519d439ba6,,,400255053,4256,RXZlbnROb2RlOjIwMA==,44,1085,ufc-39-the-warriors-return,44
e06fd1260ac865a7,,,400255022,4661,RXZlbnROb2RlOjIwNA==,,1220,ufc-40-vendetta,45
bba678d312590087,,,400254969,5273,RXZlbnROb2RlOjIxMQ==,46,1424,ufc-41-onslaught,46
ae58685caf8e4a0d,,,400254929,5408,RXZlbnROb2RlOjIxNQ==,47,1469,ufc-42-sudden-impact,47
108afe61a26bcbf4,,,400254903,5843,RXZlbnROb2RlOjIxNw==,48,1614,ufc-43-meltdown,48
c61f66d8c3fd5f07,,,400254829,6065,RXZlbnROb2RlOjIyMg==,49,1688,ufc-44-undisputed,49
e670f8cc2969a789,,,400254794,6590,RXZlbnROb2RlOjIyNw==,50,1863,ufc-45-revolution,50
94609dd91731d428,,,400254744,6830,RXZlbnROb2RlOjIzMA==,51,1943,ufc-46-supernatural,51
e8fb8e53bc2e29d6,,,400254696,7364,RXZlbnROb2RlOjIzNA==,52,2121,ufc-47-its-on,52
429e7d3725852ce9,,,400254626,7610,RXZlbnROb2RlOjIzOQ==,53,2203,ufc-48-payback,53
b4bc2e3353a770b5,,,400254578,8201,RXZlbnROb2RlOjI0NA==,54,2400,ufc-49-unfinished-business,54
ce783bf73b5131f9,,,400254525,8537,RXZlbnROb2RlOjI0OA==,55,2512,ufc-50-the-war-of-04,55
85d905f7c4f5a1af,,,400254447,9071,RXZlbnROb2RlOjI1Mw==,56,2690,ufc-51-super-saturday,56
fbbde91f7bc2d3c5,,,400254386,9914,RXZlbnROb2RlOjI1OA==,57,2971,the-ultimate-fighter-1-finale,57
c933d423ebdbbbdb,,,400254377,9791,RXZlbnROb2RlOjI1OQ==,58,2930,ufc-52-couture-vs-liddell-2,58
d3711d3784b76255,,,400254327,10163,RXZlbnROb2RlOjI2NQ==,59,3054,ufc-53-heavy-hitters,59
3f24c96753dbd9f9,,,400254263,10301,RXZlbnROb2RlOjI3MA==,60,3100,ufc-fight-night-1,60
669a3cb6e394f515,,,400254255,10280,RXZlbnROb2RlOjI3Mg==,61,3093,ufc-54-boiling-point,61
efaf544314bb5c2e,,,400254204,10766,RXZlbnROb2RlOjI3OA==,62,3255,ufc-fight-night-2,62
271fe91f4ba9d2c5,,,400254203,10751,RXZlbnROb2RlOjI3OQ==,63,3250,ufc-55-fury,63
31ceaf0e670c1578,,,400254173,11126,RXZlbnROb2RlOjI4Mg==,64,3375,the-ultimate-fighter-2-finale,64
c7e9d15cfce52f1d,,,400254160,10985,RXZlbnROb2RlOjI4Mw==,65,3328,ufc-56-full-force,65
2ee09ec2a0695eb9,,,400254102,11459,RXZlbnROb2RlOjI4OA==,66,3486,ufc-fight-night-3,66
977081bc01197656,,,400254090,11525,RXZlbnROb2RlOjI4OQ==,67,3508,ufc-57-liddell-vs-couture-3,67
0e9869d712e81f8f,,,400254052,11537,RXZlbnROb2RlOjI5Mg==,68,3512,ufc-58-usa-vs-canada,68
b361180739bed4b0,,,400254010,11996,RXZlbnROb2RlOjMwMA==,69,3665,ufc-fight-night-4,69
03688dc3c3af3ac1,,,400253995,11732,RXZlbnROb2RlOjMwMg==,70,3577,ufc-59-reality-check,70
a54a35a670d8e852,,,400253940,11999,RXZlbnROb2RlOjMwOQ==,71,3666,ufc-60-hughes-vs-gracie,71
1dab0d1d81dd06db,,,400253907,12857,RXZlbnROb2RlOjMxNQ==,72,3952,the-ultimate-fighter-3-finale,72
445a98acb8985970,,,400253904,12446,RXZlbnROb2RlOjMxNg==,73,3815,ufc-fight-night-5-leben-vs-silva,73
f70144caea5c4c80,,,400253893,12731,RXZlbnROb2RlOjMxOA==,74,3910,ufc-61-bitter-rivals,74
46c8ec317aff28ac,,,400253844,13079,RXZlbnROb2RlOjMyMg==,75,4026,ufc-fight-night-6-sanchez-vs-parisyan,75
f717b6002486f73f,,,400253830,13082,RXZlbnROb2RlOjMyNA==,76,4027,ufc-62-liddell-vs-sobral,76
13e62d766b709aa6,,,400253794,13283,RXZlbnROb2RlOjMzMA==,77,4094,ufc-63-hughes-vs-penn,77
577ec7e108b94be3,,,400253768,13337,RXZlbnROb2RlOjMzMg==,78,4112,ufc-the-final-chapter-ortiz-vs-shamrock-3,78
13b2f59210dda9cc,,,400253761,13544,RXZlbnROb2RlOjMzNA==,79,4181,ufc-64-unstoppable,79
baf942f4bcb09894,,,400253716,13943,RXZlbnROb2RlOjMzOQ==,80,4314,the-ultimate-fighter-4-finale,80
3fed746acfd026dd,,,400253705,13940,RXZlbnROb2RlOjM0MA==,81,4313,ufc-65-bad-intentions,81
21b8a0f5c231096f,,,400253667,14879,RXZlbnROb2RlOjM0NA==,82,4626,ufc-fight-night-7-sanchez-vs-riggs,82
ee5df903f80c6816,,,400253658,13937,RXZlbnROb2RlOjM0Ng==,83,4312,ufc-66-liddell-vs-ortiz-2,83
13c4313ed0f744f3,,,400253642,14993,RXZlbnROb2RlOjM1MA==,84,4664,ufc-fight-night-8-evans-vs-salmon,84
63b65af1c5cb02cb,,,400253629,13934,RXZlbnROb2RlOjM1NA==,85,4311,ufc-67-all-or-nothing,85
de3ed2e152520c8d,,,400253598,14987,RXZlbnROb2RlOjM1OA==,86,4662,ufc-68-uprising,86
a6c2f5381d575920,,,400253549,15047,RXZlbnROb2RlOjM2Mw==,87,4682,ufc-fight-night-9-stevenson-vs-guillard,87
c1684f00c626f4c0,,,400253544,14990,RXZlbnROb2RlOjM2NQ==,88,4663,ufc-69-shootout,88
4604ab1de9058474,,,400253525,15587,RXZlbnROb2RlOjM2OQ==,89,4862,ufc-70-nations-collide,89
2e04a3b4a2011b97,,,400253468,15980,RXZlbnROb2RlOjM3Mw==,90,4993,ufc-71-liddell-vs-jackson,90
304fcd812f12c589,,,400253440,16682,RXZlbnROb2RlOjM3Ng==,91,5227,ufc-fight-night-10-stout-vs-fisher,91
5ca158b1cc9cb242,2,,400253437,16253,RXZlbnROb2RlOjM3OA==,92,5084,ufc-72-victory,92
e7ec11096eac0282,3,,400253426,15044,RXZlbnROb2RlOjM4MQ==,,4681,the-ultimate-fighter-5-finale,93
2a6f8136da1e52c0,1,,400253410,16475,RXZlbnROb2RlOjM4Mg==,94,5158,ufc-73-stacked,94
a5c53b3ddb31cc7d,7,,400253356,16892,RXZlbnROb2RlOjM4OA==,95,5297,ufc-74-respect,95
0aa92558424ced9e,6,,400253344,16895,RXZlbnROb2RlOjM5MA==,96,5298,ufc-75-champion-vs-champion,96
f341f9551ba744e2,13,,400253331,17363,RXZlbnROb2RlOjM5MQ==,97,5454,ufc-fight-night-11-thomas-vs-florian,97
bad28b7b34f334de,12,,400253326,17252,RXZlbnROb2RlOjM5NA==,98,5417,ufc-76-knockout,98
91181b29be041f1c,10,,400253284,17447,RXZlbnROb2RlOjM5Nw==,99,5482,ufc-77-hostile-territory,99
1d147d4163a6989b,14,,400253246,18125,RXZlbnROb2RlOjQwMQ==,100,5708,ufc-78-validation,100
df85d6ec3493d120,8,,400253208,17378,RXZlbnROb2RlOjQwNQ==,102,5459,the-ultimate-fighter-6-finale,101
7269329bd87eb479,22,,400253184,17375,RXZlbnROb2RlOjQwOA==,101,5458,ufc-79-nemesis,102
a24e080000fa7a35,27,,400253172,18947,RXZlbnROb2RlOjQwOQ==,103,5982,ufc-80-rapid-fire,103
33e33d51f289d2a1,36,,400253169,19538,RXZlbnROb2RlOjQxMA==,104,6179,ufc-fight-night-12-swick-vs-burkman,104
597db668b01c442c,28,,400253152,19115,RXZlbnROb2RlOjQxMg==,105,6038,ufc-81-breaking-point,105
598a58db87b890ee,30,,400253127,19118,RXZlbnROb2RlOjQxNw==,106,6039,ufc-82-pride-of-a-champion,106
b9e871af730f826c,44,,400253084,20657,RXZlbnROb2RlOjQyNA==,107,6552,ufc-fight-night-13-florian-vs-lauzon,107
ad047e3073a775f3,40,,400253059,20018,RXZlbnROb2RlOjQyNw==,108,6339,ufc-83-serra-vs-st-pierre-2,108
2549d63da9c456cb,47,,400253007,20183,RXZlbnROb2RlOjQzMg==,109,6394,ufc-84-ill-will,109
2efbc83a6b9b7f86,46,,400252989,21335,RXZlbnROb2RlOjQzNA==,110,6778,ufc-85-bedlam,110
2299605af59fd309,70,,400252973,21863,RXZlbnROb2RlOjQzNw==,111,6954,the-ultimate-fighter-7-finale,111
bf12aca029bfcc47,53,,400252959,22064,RXZlbnROb2RlOjQ0MA==,112,7021,ufc-86-jackson-vs-griffin,112
46f11d15c0134fe3,83,,400252944,24506,RXZlbnROb2RlOjQ0Mw==,113,7835,ufc-fight-night-14-silva-vs-irvin,113
19ffeb5e3fffd6d5,57,,400252922,21338,RXZlbnROb2RlOjQ0Nw==,114,6779,ufc-87-seek-and-destroy,114
0db70ca89e1c7374,80,,400252900,24512,RXZlbnROb2RlOjQ0OQ==,115,7837,ufc-88-breakthrough,115
279093302a6f44b3,84,,400252886,24749,RXZlbnROb2RlOjQ1Mg==,116,7916,ufc-fight-night-15,116
312f47c3d2f83ffa,86,,400252845,25211,RXZlbnROb2RlOjQ1OA==,117,8070,ufc-89-bisping-vs-leben,117
c670aa48827d6be6,92,,400252841,25565,RXZlbnROb2RlOjQ1OQ==,118,8188,ufc-90-silva-vs-cote,118
a2b06ca02bca14c0,98,,400252817,26219,RXZlbnROb2RlOjQ2MQ==,119,8406,ufc-91-couture-vs-lesnar,119
30cd319d39ee689b,111,,400252781,27173,RXZlbnROb2RlOjQ2Ng==,120,8724,ufc-fight-night-16-fight-for-the-troops,120
ea398c802d9998ee,120,,400252776,27296,RXZlbnROb2RlOjQ2Nw==,121,8765,the-ultimate-fighter-8-finale,121
23ab42947c1990e3,95,,400252765,27197,RXZlbnROb2RlOjQ2OQ==,122,8732,ufc-92-the-ultimate-2008,122
68c6cd5287b473a7,105,,400252754,27593,RXZlbnROb2RlOjQ3MA==,123,8864,ufc-93-franklin-vs-henderson,123
2a542ee8a8b83559,107,,400252738,26396,RXZlbnROb2RlOjQ3NA==,124,8465,ufc-94-st-pierre-vs-penn-2,124
d1759b2b7be9be56,123,,400252730,28922,RXZlbnROb2RlOjQ3NQ==,125,9307,ufc-fight-night-17-lauzon-vs-stephens,125
7d21de9c6d7c98b2,121,,400252716,28751,RXZlbnROb2RlOjQ3OA==,126,9250,ufc-95-sanchez-vs-stevenson,126
29b5791e51e7e832,125,,400252704,29282,RXZlbnROb2RlOjQ4MA==,127,9427,ufc-96-jackson-vs-jardine,127
04d5718ed2661e8c,129,,400252671,29345,RXZlbnROb2RlOjQ4Mw==,128,9448,ufc-fight-night-18-condit-vs-kampmann,128
1652f3213655b935,126,,400252645,29297,RXZlbnROb2RlOjQ4Nw==,129,9432,ufc-97-redemption,129
c4b6099f0d25f75e,132,,400252596,29588,RXZlbnROb2RlOjQ5Mg==,130,9529,ufc-98-evans-vs-machida,130
cb6783c39c01d896,136,,400252570,28892,RXZlbnROb2RlOjQ5Ng==,131,9297,ufc-99-the-comeback,131
4908c5ee68a50ee5,147,,400252563,30254,RXZlbnROb2RlOjQ5OA==,132,9751,the-ultimate-fighter-9-finale,132
0ee783aa00e468f0,137,,400252542,29705,RXZlbnROb2RlOjUwMA==,133,9568,ufc-100,133
48d1f690b763934c,145,,400252521,30776,RXZlbnROb2RlOjUwMg==,134,9925,ufc-101-declaration,134
c6a33ff198aaaeeb,156,,400252496,31442,RXZlbnROb2RlOjUwNQ==,135,10147,ufc-102-couture-vs-nogueira,135
a8ea84cbe1655f0a,148,,400252480,32330,RXZlbnROb2RlOjUwNw==,136,10443,ufc-fight-night-19-diaz-vs-guillard,136
896c322f56b8be5a,168,,400252474,32333,RXZlbnROb2RlOjUwOA==,137,10444,ufc-103-franklin-vs-belfort,137
7c0847d3854a95f2,185,,400252438,32000,RXZlbnROb2RlOjUxNA==,138,10333,ufc-104-machida-vs-shogun,138
fa8b9e6b0c2269f8,201,,400252410,34157,RXZlbnROb2RlOjUxOQ==,139,11052,ufc-105-couture-vs-vera,139
84a067c46306a737,209,,400252394,34160,RXZlbnROb2RlOjUyMg==,140,11053,ufc-106-ortiz-vs-griffin-2,140
91d73ee59347ac16,210,,400252380,34163,RXZlbnROb2RlOjUyNA==,141,11054,the-ultimate-fighter-10-finale,141
821cd80aab70d5f9,189,,400252372,34355,RXZlbnROb2RlOjUyNQ==,142,11118,ufc-107-penn-vs-sanchez,142
a6d8bfe9e0c8153b,219,,400252360,35414,RXZlbnROb2RlOjUyOQ==,143,11471,ufc-108-evans-vs-silva,143
58bc81376286b3d3,224,,400252355,35852,RXZlbnROb2RlOjUzMQ==,144,11617,ufc-fight-night-20-maynard-vs-diaz,144
15edcf67ccf5be84,226,,400252334,36224,RXZlbnROb2RlOjUzMw==,145,11741,ufc-109-relentless,145
49efbdc6c9f650c4,225,,400252325,36377,RXZlbnROb2RlOjUzNQ==,146,11792,ufc-110-nogueira-vs-velasquez,146
3795fca327cbcf23,242,,400252285,38168,RXZlbnROb2RlOjU0MQ==,147,12389,ufc-on-versus-1-vera-vs-jones,147
c80095f6092271a7,236,,400252279,37394,RXZlbnROb2RlOjU0NA==,148,12131,ufc-111-st-pierre-vs-hardy,148
3ed134d85dfbd7b4,246,,400252276,38423,RXZlbnROb2RlOjU0Ng==,149,12474,ufc-fight-night-21-florian-vs-gomi,149
24b033b3daf1c9df,245,,400252266,37553,RXZlbnROb2RlOjU0Nw==,150,12184,ufc-112-invincible,150
d0c29452d3272603,247,,400252239,38171,RXZlbnROb2RlOjU1MQ==,152,12390,ufc-113-machida-vs-shogun-2,151
bfc2fc38a0e20211,256,,400252217,38339,RXZlbnROb2RlOjU1OA==,153,12446,ufc-114-jackson-vs-evans,152
cfb65863d5099327,255,,400252205,38342,RXZlbnROb2RlOjU1OQ==,155,12447,ufc-115-liddell-vs-franklin,153
9bcf8603ceb25680,262,,400252196,39692,RXZlbnROb2RlOjU2Mg==,156,12897,the-ultimate-fighter-11-finale,154
140745cbbcb023ac,265,,400252182,39296,RXZlbnROb2RlOjU2NQ==,157,12765,ufc-116-lesnar-vs-carwin,155
f12f979b657ab876,281,,400252163,40883,RXZlbnROb2RlOjU3MQ==,158,13294,ufc-on-versus-2-jones-vs-matyushenko,156
2f3f12002564bb55,276,,400252160,40931,RXZlbnROb2RlOjU3Mg==,159,13310,ufc-117-silva-vs-sonnen,157
054defd5420a551f,278,,400252141,41141,RXZlbnROb2RlOjU3Nw==,186,13380,ufc-118-edgar-vs-penn-2,158
acff437707625fc7,295,,400252125,43073,RXZlbnROb2RlOjU3OQ==,188,14024,ufc-fight-night-22,159
ad32471f01e7b1a5,296,,400252117,42197,RXZlbnROb2RlOjU4Mg==,189,13732,ufc-119-mir-vs-cro-cop,160
d512d9f204059f57,294,,400252099,43076,RXZlbnROb2RlOjU4Nw==,216,14025,ufc-120-bisping-vs-akiyama,161
afdb76fbd86f6d11,308,,400252093,43118,RXZlbnROb2RlOjU4OQ==,217,14039,ufc-121-lesnar-vs-velasquez,162
0ff11cc094e887bc,323,,400252074,44291,RXZlbnROb2RlOjU5NA==,219,14430,ufc-122-marquardt-vs-okami,163
dd992d569aaebee6,317,,400252069,44588,RXZlbnROb2RlOjU5Ng==,220,14529,ufc-123-rampage-vs-machida,164
5d7bdab5e03e3216,330,,400252061,44387,RXZlbnROb2RlOjU5OQ==,221,14462,the-ultimate-fighter-12-finale,165
132f860d02953f4c,313,,400252051,44513,RXZlbnROb2RlOjYwMQ==,223,14504,ufc-124-st-pierre-vs-koscheck-2,166
d1152823307d7e7c,332,,400252043,44591,RXZlbnROb2RlOjYwMw==,225,14530,ufc-125-resolution,167
282fa667ff9c51ed,342,,400252037,46361,RXZlbnROb2RlOjYwNQ==,228,15120,ufc-fight-night-23-fight-for-the-troops-2,168
65ddc8a9ac4e8531,338,,400252023,46313,RXZlbnROb2RlOjYwOQ==,241,15104,ufc-126-silva-vs-belfort,169
88a9bc81271ccd89,344,,400252013,46607,RXZlbnROb2RlOjYxNw==,244,15202,ufc-127-penn-vs-fitch,170
a54fc2d6fc224dc3,351,,400252010,47315,RXZlbnROb2RlOjYxOA==,245,15438,ufc-on-versus-3-sanchez-vs-kampmann,171
1411c630ba711b64,346,,400251999,47450,RXZlbnROb2RlOjYyMQ==,247,15483,ufc-128-shogun-vs-jones,172
8a59d346dc976a10,354,,400251993,47678,RXZlbnROb2RlOjYyMw==,248,15559,ufc-fight-night-24,173
2db7fa8db6bc9632,352,,400251959,47282,RXZlbnROb2RlOjYyOQ==,276,15427,ufc-129-st-pierre-vs-shields,174
b732b326c362fb62,357,,400251939,48056,RXZlbnROb2RlOjYzNg==,295,15685,ufc-130-edgar-vs-maynard-3,175
3ba3b5cc94498437,362,,400251935,48434,RXZlbnROb2RlOjYzOA==,296,15811,the-ultimate-fighter-13-finale,176
aac5ac38148f0528,358,,400251927,48161,RXZlbnROb2RlOjY0MA==,297,15720,ufc-131-lesnar-vs-dos-santos,177
d023ae89a2a4a41e,379,,400251919,49928,RXZlbnROb2RlOjY0NA==,301,16309,ufc-on-versus-4-marquardt-vs-johnson,178
83fd97284f4bb4a4,381,,400251918,50486,RXZlbnROb2RlOjY0NQ==,302,16495,ufc-132-cruz-vs-faber-ii,179
f1f9e48a0d150757,390,,400251899,51362,RXZlbnROb2RlOjY1NQ==,306,16787,ufc-133,180
4c8d6fde2dde07c4,399,,400251895,51902,RXZlbnROb2RlOjY1OA==,308,16967,ufc-on-versus-5,181
18968f97ad34f15c,389,,400251887,47363,RXZlbnROb2RlOjY1OQ==,310,15454,ufc-134-silva-vs-okami,182
1ffc38f67785797b,406,,400251873,51137,RXZlbnROb2RlOjY2NA==,313,16712,ufc-fight-night-25-battle-on-the-bayou,183
73ef22f25d0f70e2,417,,400251868,52130,RXZlbnROb2RlOjY2OA==,317,17043,9686-ufc-135,184
44f9c777fed7ca03,429,,400251865,54368,RXZlbnROb2RlOjY3MA==,318,17789,10195-ufc-on-versus-6,185
7d5b12de1625984e,423,,400251859,53174,RXZlbnROb2RlOjY3Mg==,321,17391,9765-ufc-136,186
8788beb528894f33,410,,400251839,53132,RXZlbnROb2RlOjY3Ng==,325,17377,9660-ufc-137-st-pierre-vs-diaz,187
e780ccc79a209985,430,,400251835,54473,RXZlbnROb2RlOjY3Nw==,326,17824,10235-ufc-138,188
1c061eb6e29eaa0a,442,,400251828,55604,RXZlbnROb2RlOjY3OA==,327,18201,10569-ufc-on-fox-1,189
0ec821423baa26bd,424,,400251824,53654,RXZlbnROb2RlOjY4MA==,331,17551,9822-ufc-138,190
1f5f75658551f2d3,469,,400251809,53273,RXZlbnROb2RlOjY4Mg==,333,17424,9770-the-ultimate-fighter-14-finale,191
6d7886b094b471ac,451,,400251804,52823,RXZlbnROb2RlOjY4NA==,334,17274,10374-ufc-140,192
91720876db0ee468,452,,400251796,56039,RXZlbnROb2RlOjY4OQ==,336,18346,10738-ufc-141,193
18524b46c570730b,474,,400251791,57704,RXZlbnROb2RlOjY5Mg==,338,18901,11196-ufc-142,194
4d74641fac830182,479,,400251790,58205,RXZlbnROb2RlOjY5Mw==,339,19068,11366-ufc-on-fx-1,195
c3c23c99477c041b,482,,400251786,58118,RXZlbnROb2RlOjY5Ng==,340,19039,11400-ufc-on-fox-2,196
df2cf66d8c0123db,478,,400251782,57836,RXZlbnROb2RlOjY5Nw==,341,18945,11221-ufc-143,197
0a97691039c4bbfb,485,,400251775,58562,RXZlbnROb2RlOjcwMA==,342,19187,11618-ufc-on-fuel-tv-1,198
8377c5572cb356f3,477,,400251770,56042,RXZlbnROb2RlOjcwNg==,343,18347,11293-ufc-144,199
b5ea750025697880,487,,400251768,59138,RXZlbnROb2RlOjcwOQ==,344,19379,11619-ufc-on-fx-2,200
21f2974fd08085e3,493,,400251750,60572,RXZlbnROb2RlOjcxOA==,352,19857,12026-ufc-on-fuel-tv-2,201
155bfc7ed36622df,490,,400251748,61094,RXZlbnROb2RlOjcxOQ==,354,20031,11785-ufc-145,202
5898357a45a73674,496,,400251744,61118,RXZlbnROb2RlOjcyMg==,356,20039,12189-ufc-on-fox,203
8caca5857ce0e30b,499,,400251742,61610,RXZlbnROb2RlOjcyNA==,358,20203,12320-ufc-on-fx-3,204
4985113c0928aa62,502,,400251741,62060,RXZlbnROb2RlOjcyOA==,362,20353,12168-ufc-146,205
96087e90d900f0ef,524,,400257696,58976,RXZlbnROb2RlOjcyOQ==,363,19325,13061-the-ultimate-fighter-15-finale,206
49590e0508b2c19f,522,,400257697,64112,RXZlbnROb2RlOjczMQ==,364,21037,12575-ufc-on-fx-3,207
505934897b8b4824,521,,400251737,62156,RXZlbnROb2RlOjczNA==,366,20385,13105-ufc-on-fx-4,208
3da19339ee7051d5,517,,400251739,59348,RXZlbnROb2RlOjczNQ==,367,19449,12573-ufc-147,209
e8efeb9cf33b1941,506,,400251738,62066,RXZlbnROb2RlOjczOA==,368,20355,12574-ufc-148,210
d3b5ad3b15a64a18,545,,400262137,66176,RXZlbnROb2RlOjczOQ==,369,21725,13665-ufc-on-fuel-tv-4-munoz-vs-weidman,211
abbc4fc02e0d84b3,527,,400257698,63464,RXZlbnROb2RlOjc0Mw==,372,20821,12776-ufc-149,212
f62850b3c7480db9,546,,400251736,61244,RXZlbnROb2RlOjc0Ng==,373,20081,12572-ufc-on-fox-4,213
3c48019bc387b80c,547,,400262716,67040,RXZlbnROb2RlOjc0OA==,374,22013,13684-ufc-150,214
53e533db1b8e9712,561,,400275301,64136,RXZlbnROb2RlOjc1Nw==,377,21045,13140-ufc-152,215
6cbb7661c3258617,569,,400268321,69176,RXZlbnROb2RlOjc1OQ==,380,22725,14292-ufc-153,216
6a0b80a24f22e152,579,,400279401,68624,RXZlbnROb2RlOjc2MQ==,382,22541,14104-ufc-on-fx-5,217
96d173b7f92aa520,571,,400273781,71582,RXZlbnROb2RlOjc2NQ==,384,23527,14431-ufc-153,218
319fa1bd3176bded,582,,400288381,71312,RXZlbnROb2RlOjc3MQ==,389,23437,14619-ufc-on-fuel-tv-6,219
d41937647eae9a34,565,,400285141,64142,RXZlbnROb2RlOjc3Mw==,391,21047,13141-ufc-154,220
d1e6a6536ee62517,584,,400400161,70508,RXZlbnROb2RlOjc3OA==,394,23169,14399-ufc-on-fox-5,221
e8c170a64dc920ac,594,,400403561,75122,RXZlbnROb2RlOjc4MA==,396,24707,15726-ufc-on-fx-6,222
c6da1c24fe473418,602,,400401884,75158,RXZlbnROb2RlOjc4MQ==,397,24719,15480-the-ultimate-fighter-16-finale,223
c6e6926a81adcd00,585,,400288401,73556,RXZlbnROb2RlOjc4Mg==,398,24185,15171-ufc-155-dos-santos-vs-velasquez-2,224
56f4b81ec4db61af,612,,400429388,79406,RXZlbnROb2RlOjc4OQ==,404,26135,16549-ufc-156,225
738acab0c6934dd8,613,,400431620,79598,RXZlbnROb2RlOjc5MA==,406,26199,16667-ufc-on-fox-6,226
601cf40c09090853,611,,400429387,79298,RXZlbnROb2RlOjc5Mg==,408,26099,16542-ufc-157,227
4679a38cced7c64a,632,,400432943,80378,RXZlbnROb2RlOjc5NA==,411,26459,16679-ufc-on-fuel-tv-7,228
09c44b317c98bf96,618,,400432942,80144,RXZlbnROb2RlOjc5Ng==,413,26381,16791-ufc-157,229
83c6c3e0f8bde8ee,625,,400437518,80000,RXZlbnROb2RlOjgwMA==,415,26333,16905-ufc-on-fuel-tv-8,230
f1b2a4365799c48b,627,,400437516,82220,RXZlbnROb2RlOjgwMw==,418,27073,17129-ufc-158,231
6291ac0a3726732f,636,,400443735,83768,RXZlbnROb2RlOjgwOA==,424,27589,17537-ufc-on-fuel-tv-9-gustafsson-vs-mousasi,232
ce47f49e5c386a9c,656,,400442350,85070,RXZlbnROb2RlOjgxMQ==,426,28023,17421-the-ultimate-fighter-17-finale,233
aa79d5399571068e,634,227,400432946,79640,RXZlbnROb2RlOjgxMw==,427,26213,16680-ufc-on-fox-7,234
ea0ad155451ed1f5,633,173,400426609,78476,RXZlbnROb2RlOjgxNA==,428,25825,16681-ufc-jones-vs-sonnen,235
030f08370fd1c2bb,648,151,400446583,85646,RXZlbnROb2RlOjgxOA==,431,28215,17761-ufc-on-fx-8-belfort-vs-rockhold,236
3c241737a6069b9f,647,150,400446258,85154,RXZlbnROb2RlOjgyMA==,432,28051,17601-ufc,237
7865707fd684d77b,668,147,400443591,79304,RXZlbnROb2RlOjgyNQ==,434,26101,17915-ufc-on-fx-9-nogueira-vs-werdum,238
8fd1f27e86661ede,660,146,400449281,86372,RXZlbnROb2RlOjgyOA==,436,28457,17939-ufc-161,239
e0b74df14f52cd15,661,145,400449280,86378,RXZlbnROb2RlOjgzMg==,438,28459,17854-ufc-162-silva-vs-weidman,240
5330fe7e4c3af81c,674,144,400432947,79646,RXZlbnROb2RlOjgzNw==,441,26215,16682-ufc-on-fox-8,241
ebc5af72ad5a28cb,683,143,400445287,85046,RXZlbnROb2RlOjgzOA==,443,28015,17693-ufc-aldo-vs-pettis,242
cf1a88371c8cb690,685,142,400449036,90386,RXZlbnROb2RlOjg0MQ==,445,29795,18384-ufc-on-fox-sports-1,243
e5c38954c006f15c,692,141,400465576,91634,RXZlbnROb2RlOjg0NA==,447,30211,19033-ufc-on-fox-sports-1-2,244
980b4e712489098e,691,140,400458296,87104,RXZlbnROb2RlOjg0Nw==,448,28701,18192-ufc-164,245
b23fca14c7b79935,705,139,400475434,91640,RXZlbnROb2RlOjg0OA==,449,30213,18971-ufc-on-fox-sports-1-2,246
df5a77121ba84a5d,697,138,400465974,91748,RXZlbnROb2RlOjg1NQ==,455,30249,19128-ufc-165,247
43612456979e5d5e,713,137,400490714,96608,RXZlbnROb2RlOjkyOQ==,459,31869,19846-ufc-on-fox-sports-1,248
eae4aec1a5a8ff01,698,136,400472016,93440,RXZlbnROb2RlOjg2Mg==,462,30813,19525-ufc-166-velasquez-vs-dos-santos-3,249
60884f31ead1609c,712,135,400483973,95114,RXZlbnROb2RlOjg2Ng==,465,31371,19801-ufc-on-fox-sports-1-bisping-vs-munoz,250
35dc6220b113b7ec,726,116,400478714,97232,RXZlbnROb2RlOjg2Nw==,468,32077,19692-ufc-fight-for-the-troops,251
5d7c18191b8aa432,725,115,400492654,97202,RXZlbnROb2RlOjg2OA==,470,32067,20217-ufc,252
28f3c2258a1d8874,699,114,400472017,93446,RXZlbnROb2RlOjg3MQ==,472,30815,19524-ufc-167-st-pierre-vs-hendricks,253
9a967e8e43dcef63,720,113,400490715,97976,RXZlbnROb2RlOjg3Mg==,474,32325,20173-the-ultimate-fighter-18-finale,254
ee457ef1e1c326c1,728,112,400495574,97880,RXZlbnROb2RlOjg3NA==,475,32293,20537-ufc-fight-night-hunt-vs-bigfoot,255
480b702debcb5433,729,111,400432948,79652,RXZlbnROb2RlOjg3Ng==,479,26217,16683-ufc-on-fox-9,256
83d0de122f2f9664,706,110,400477454,94772,RXZlbnROb2RlOjg3OA==,480,31257,19667-ufc-168-rousey-vs-tate-2,257
e5c9de15bb58b1c6,761,109,400513115,99998,RXZlbnROb2RlOjg4MA==,482,32999,20473-ufc-singapore,258
30a09e43f15f1d75,762,108,400517543,102788,RXZlbnROb2RlOjk1NQ==,483,33929,21505-ufc-fight-night-35,259
a8d521d913df4e31,777,107,400514854,101006,RXZlbnROb2RlOjkzOA==,485,33335,21248-ufc-on-fox-10,260
fc31f896cde2bc2e,737,106,400478716,99320,RXZlbnROb2RlOjkzMw==,486,32773,20975-ufc-169-jones-vs-teixeira,261
51b0bb73a1da34bc,758,105,400516084,101570,RXZlbnROb2RlOjg4MQ==,488,33523,20593-ufc-fight-night,262
3138fab619faf4d1,756,104,400514855,101012,RXZlbnROb2RlOjkzOQ==,489,33337,21249-ufc-170,263
a26198ba5093147e,778,127,400528294,105458,RXZlbnROb2RlOjEwMDk=,491,34819,22007-the-ultimate-fighter-china-1-finale,264
ebc1f40e00e0c481,751,99,400515114,101150,RXZlbnROb2RlOjk0MA==,494,33383,21272-ufc-fight-night-gustafsson-vs-nogueira,265
179f1948dc234f1f,771,98,400517714,102848,RXZlbnROb2RlOjk1Nw==,496,33949,21513-ufc-171,266
d5f820c11a121050,784,97,400531694,106898,RXZlbnROb2RlOjEwMTg=,499,35299,22108-ufc-fight-night,267
d632d156c0549e07,790,96,400532917,108008,RXZlbnROb2RlOjEwMzA=,504,35669,22403-ufc-fight-night-39-nogueira-vs-nelson,268
f9f07bb5a43535ed,806,95,400529094,107510,RXZlbnROb2RlOjEwMzI=,507,35503,22061-tuf-nations-finale-canada-vs-australia,269
a421465acbe59c77,779,94,400529894,106322,RXZlbnROb2RlOjEwMzU=,510,35107,22127-ufc-on-fox-11,270
4f2fcbefb668689d,772,93,400529374,104204,RXZlbnROb2RlOjEwMzc=,511,34401,21832-ufc-172-jones-vs-teixeira,271
579fcdfcabd23a7b,794,92,400539354,109256,RXZlbnROb2RlOjEwNDQ=,515,36085,22778-ufc-fight-night,272
9ca265dfe8323db3,786,91,400533294,107852,RXZlbnROb2RlOjEwNDg=,517,35617,22469-ufc-173-weidman-vs-belfort,273
b757c73f443d4fca,799,89,400543514,110282,RXZlbnROb2RlOjE0ODI=,518,36427,23130-ufc-fight-night,274
59aaf2730b84698a,812,90,400537811,108866,RXZlbnROb2RlOjEwNTA=,519,35955,22697-ufc-fight-night,275
1fcfc3709fe58151,822,88,400547234,111134,RXZlbnROb2RlOjEwNTc=,522,36711,23441-ufc-fight-night-henderson-vs-khabilov,276
5b5307450405abf0,807,87,400534690,107516,RXZlbnROb2RlOjEwNTk=,523,35505,22389-ufc-174,277
ac9521250dc1a14c,823,86,400546894,112328,RXZlbnROb2RlOjEwNjI=,525,37109,23781-ufc-fight-night-45-te-huna-vs-marquardt,278
c0ed7b208197e8de,800,85,400551477,111194,RXZlbnROb2RlOjE0Nzc=,526,36731,23349-ufc-fight-night,279
53adf5b845d91e4a,805,84,400548474,111206,RXZlbnROb2RlOjEwNjQ=,528,36735,23324-ufc-175,280
1c5879330d42255f,832,83,400546414,111212,RXZlbnROb2RlOjEwNjU=,529,36737,23323-the-ultimate-fighter-19-finale,281
79ded75550efc139,826,82,400553594,113078,RXZlbnROb2RlOjEwNjg=,530,37359,23965-ufc-fight-night,282
073eee4e62f0d988,827,81,400543515,110276,RXZlbnROb2RlOjEwNjk=,531,36425,23131-ufc-fight-night,283
05fbfe628658c538,829,79,400549884,114158,RXZlbnROb2RlOjEwNzM=,533,37719,23617-ufc-on-fox-12,284
fd7acf42bd6e7e95,845,78,400557554,114182,RXZlbnROb2RlOjEwNzg=,535,37727,24351-ufc-fight-night-47,285
770b9d4813c25902,835,77,400553614,114224,RXZlbnROb2RlOjE0NzY=,539,37741,23028-ufc-fight-night,286
063649e21bc9d6d5,846,76,400543516,113084,RXZlbnROb2RlOjEwODM=,538,37361,23966-ufc-fight-night,287
269d103c96a4c3a5,849,75,400559634,115034,RXZlbnROb2RlOjEwODY=,540,38011,24694-ufc-177-jones-vs-gustafsson-2,288
9bcfb40dbcd50568,851,74,400560734,116294,RXZlbnROb2RlOjEwODg=,542,38431,24825-ufc-fight-night-50,289
a71feb7ea7592a71,850,73,400557634,114230,RXZlbnROb2RlOjEwOTY=,545,37743,24352-ufc-fight-night,290
2dea80c069847321,847,72,400543518,114236,RXZlbnROb2RlOjEwOTg=,548,37745,23029-ufc,291
3bb030257966b022,836,71,400534691,107522,RXZlbnROb2RlOjExMDM=,550,35507,22390-ufc-178,292
8dc4f34c1f50d00d,860,69,400534692,114242,RXZlbnROb2RlOjE0NzU=,552,37747,23133-ufc-fight-night,293
0313bf497de9c470,861,70,400543519,107528,RXZlbnROb2RlOjExMDY=,553,35509,22391-ufc-fight-night,294
53f02bbc41d99432,855,68,400557635,114248,RXZlbnROb2RlOjExMTQ=,558,37749,24353-ufc-179,295
371a1c91b24dec2b,894,1,400582487,122018,RXZlbnROb2RlOjExMjE=,,40339,26376-ufc-fight-night-55,296
6ca68b636fbc1f18,893,2,400582010,121670,RXZlbnROb2RlOjExMjM=,561,40223,25633-ufc-fight-night,297
59851163aaf1aed8,824,3,400555416,113648,RXZlbnROb2RlOjExMjc=,565,37549,24140-ufc-180-velasquez-vs-werdum,298
155a02a8b4311057,892,5,400543520,120746,RXZlbnROb2RlOjExMjk=,566,39915,23135-ufc-fight-night,299
dfdd0c5dd0d4bc23,853,6,400534693,107534,RXZlbnROb2RlOjExMzY=,567,35511,22392-ufc-181,300
222d6b547de2e035,912,7,400580047,123038,RXZlbnROb2RlOjExMzc=,568,40679,26091-the-ultimate-fighter-20-finale,301
d4a12dfa4067742f,879,9,400567339,117518,RXZlbnROb2RlOjExNDA=,569,38839,24669-ufc-on-fox-13,302
4e5bbc4566049cbf,880,10,400584827,122840,RXZlbnROb2RlOjExNDM=,571,40613,25634-ufc-fight-night,303
a72d260b436924c4,864,11,400567345,117524,RXZlbnROb2RlOjExNDQ=,572,38841,23598-ufc-182-pettis-vs-melendez,304
f9aa6376ae16bfb4,895,12,400603615,126320,RXZlbnROb2RlOjExNDg=,587,41773,27634-ufc-fight-night,305
706404da0775dcbc,906,13,400606927,127370,RXZlbnROb2RlOjExNTE=,588,42123,27583-ufc-on-fox-14-gustafsson-vs-evans,306
43563a32c3f10e95,856,14,400575214,118874,RXZlbnROb2RlOjExNTI=,589,39291,25716-ufc-183-silva-vs-diaz,307
f9c7fe2682af3802,915,15,400605907,127196,RXZlbnROb2RlOjk2Mw==,592,42065,28035-ufc-fight-night-60,308
0577808d22dfe79c,923,16,400607583,117530,RXZlbnROb2RlOjk2NA==,594,38843,28054-ufc-fight-night-61,309
ad4e9055bf8cd04d,896,17,400603616,126680,RXZlbnROb2RlOjk2NQ==,596,41893,27642-ufc-184-weidman-vs-belfort,310
f54200f1dfb9b5d4,925,18,400607612,127550,RXZlbnROb2RlOjk2Nw==,597,42183,28236-ufc-185,311
fa534853eb195270,934,19,400607614,127556,RXZlbnROb2RlOjk2OA==,598,42185,28237-ufc-fight-night-62,312
16d09e800ad7ec79,932,20,400607615,127562,RXZlbnROb2RlOjk2OQ==,601,42187,28238-ufc-fight-night-64,313
5de61b03868035ff,936,21,400607616,127568,RXZlbnROb2RlOjk3MA==,604,42189,28239-ufc-fight-night-65,314
bc7cf284c1c2f16e,927,22,400607617,127574,RXZlbnROb2RlOjk3MQ==,605,42191,28240-ufc-fight-night-66,315
997b4f52f76a0b53,929,23,400607618,127580,RXZlbnROb2RlOjk3Mg==,606,42193,28241-ufc-186,316
8a1b4330c7957961,950,24,400762976,127586,RXZlbnROb2RlOjEyMDA=,624,42195,30291-ufc-fight-night-65-hunt-vs-miocic,317
b1605ea39fba6af6,946,25,400607619,127592,RXZlbnROb2RlOjk3NA==,626,42197,29712-ufc-fight-night,318
4f7e290e71d60f87,945,26,400607621,127598,RXZlbnROb2RlOjk3NQ==,627,42199,29455-ufc-187-aldo-vs-mcgregor,319
aae0897825336b1a,957,27,400607622,127604,RXZlbnROb2RlOjk3Ng==,629,42201,30066-ufc-fight-night-67,320
06dc1a58663579d2,947,28,400607623,127610,RXZlbnROb2RlOjk3Nw==,631,42203,30065-ufc-fight-night-68-cormier-vs-bader,321
a58114c6dd0add64,930,29,400607624,127616,RXZlbnROb2RlOjk3OA==,632,42205,29313-ufc-188-velasquez-vs-werdum,322
194fc025f9355db6,964,30,400607625,127622,RXZlbnROb2RlOjk3OQ==,634,42207,29537-ufc-fight-night,323
86e388ed20761ad9,973,31,400607626,127628,RXZlbnROb2RlOjk4MA==,636,42209,30909-ufc-fight-night-70,324
3be081c29bf734d9,942,32,400590887,127634,RXZlbnROb2RlOjk4MQ==,637,42211,26946-ufc-189,325
a890f9a791ed615d,971,33,400791347,127640,RXZlbnROb2RlOjk4Mg==,638,42213,31723-ufc-fight-night-71,326
36877f0e62b25b96,965,34,400607628,127646,RXZlbnROb2RlOjk4Mw==,639,42215,31105-ufc-fight-night,327
ef7fa30364cbe7f2,975,35,400607629,127652,RXZlbnROb2RlOjk4NA==,641,42217,29538-ufc-fight-night,328
0c3838c8f7c620c2,967,36,400607630,127658,RXZlbnROb2RlOjk4NQ==,642,42219,29323-ufc-on-fox-16,329
a9c45a8b21eabadc,960,37,400607631,127664,RXZlbnROb2RlOjk4Ng==,643,42221,31250-ufc-190-rousey-vs-correia,330
b71667c778b6d9e5,979,38,400607632,127670,RXZlbnROb2RlOjk4Nw==,645,42223,31106-ufc-fight-night,331
2ce6541127b0e232,984,39,400607633,127676,RXZlbnROb2RlOjk4OA==,646,42225,33357-ufc-fight-night-74-holloway-vs-oliveira,332
82f5c81f4e3c3eb5,992,42,400607635,127688,RXZlbnROb2RlOjk5MA==,648,42229,33167-ufc-191,333
a4dd5c9a75763295,1003,40,400796284,138542,RXZlbnROb2RlOjk5Mg==,653,45847,32823-ufc-fight-night-78-nelson-vs-barnett,334
119ebea97e914dcf,990,44,400607638,127706,RXZlbnROb2RlOjk5Mw==,654,42235,31112-ufc-192,335
f3155a94ca420126,976,45,400817781,142322,RXZlbnROb2RlOjEyMTQ=,657,47107,33860-ufc,336
5345f86680378fc1,997,46,400607639,127712,RXZlbnROb2RlOjk5NA==,661,42237,34071-ufc-fight-night,337
8d04923f2db59b7f,1002,47,400765682,127718,RXZlbnROb2RlOjk5NQ==,662,42239,30831-ufc-193,338
243b07fc65ccbb16,999,48,400607641,127724,RXZlbnROb2RlOjk5Ng==,665,42241,34434-ufc-fight-night,339
4d636c3aa1105950,1013,49,400607642,127730,RXZlbnROb2RlOjk5Nw==,667,42243,32865-ufc-fight-night-83,340
dd39f1ca787a3d9d,1023,55,400835547,144008,RXZlbnROb2RlOjEyNzg=,671,47669,35219-ufc-fight-night-80,341
20fbff570c678e1c,1011,54,400830847,143318,RXZlbnROb2RlOjEyMzY=,672,47439,34765-the-ultimate-fighter-22-finale,342
354808cf38d9d73c,1005,50,400607644,127736,RXZlbnROb2RlOjk5OQ==,673,42245,34444-ufc-195-aldo-vs-mcgregor,343
80d918336163b80c,1008,51,400607645,127748,RXZlbnROb2RlOjEwMDA=,674,42249,34696-ufc-on-fox-17,344
380e8b023290d091,1012,52,400832048,143396,RXZlbnROb2RlOjEyMzk=,676,47465,34862-ufc-195-rousey-vs-holm,345
c6becb722706c7d8,1022,61,400838669,144350,RXZlbnROb2RlOjEyODA=,677,47783,35374-ufc-fight-night-pettis-vs-alvarez,346
b3fb8d2293e17a59,1038,66,400841529,144800,RXZlbnROb2RlOjEyODI=,680,47933,35501-ufc-on-fox-18,347
de99da2c0d18d34a,1056,100,400841527,144788,RXZlbnROb2RlOjEyODM=,681,47929,36542-ufc-196,348
d56bb6dff2ae77eb,1057,101,400841530,144806,RXZlbnROb2RlOjEyODQ=,684,47935,35520-ufc-fight-night-82,349
39c568f8c579913e,1052,102,400841334,144812,RXZlbnROb2RlOjEyODY=,686,47937,35496-ufc-fight-night,350
db1f2ed63b54b9a7,1060,119,400841528,144794,RXZlbnROb2RlOjEyODc=,689,47931,36627-ufc-197,351
e60201cfab7d656d,1062,120,400841531,144818,RXZlbnROb2RlOjEzNDc=,691,47939,36756-ufc-fight-night,352
4887e5bc4dbb73ff,1077,124,400859828,151886,RXZlbnROb2RlOjEzODI=,693,50295,37670-ufc-fight-night-85,353
e7e970d508529bf3,1073,123,400864325,151784,RXZlbnROb2RlOjE0MDA=,696,50261,38076-ufc-on-fox-19,354
3d481aa374c954a1,1080,126,400866708,152456,RXZlbnROb2RlOjEyOTI=,698,50485,36847-ufc-198,355
a314687f372b2cec,1088,165,400859829,152864,RXZlbnROb2RlOjEzODM=,699,50621,37671-ufc-fight-night,356
a4bf17bd3ba3423b,1070,121,400861388,151652,RXZlbnROb2RlOjEzOTE=,701,50217,37906-ufc-fight-night-87-jacare-vs-belfort,357
990060b2a68a7b82,1104,170,400869909,153824,RXZlbnROb2RlOjE0MTk=,704,50941,38669-ufc-fight-night-88,358
ff4c3ab594c7fac3,1081,166,400869908,153812,RXZlbnROb2RlOjE0MjA=,705,50937,38668-ufc-199-rockhold-vs-weidman-2,359
563d051c9e769b24,1098,167,400869990,153818,RXZlbnROb2RlOjE0MjE=,710,50939,38667-ufc-fight-night,360
45a2ba3ef82b9700,1118,176,400874810,153830,RXZlbnROb2RlOjE0MjI=,712,50943,38670-ufc-fight-night,361
cd42bbe8887bba90,1067,125,400860810,151226,RXZlbnROb2RlOjEzOTM=,714,50075,37873-the-ultimate-fighter-22-finale,362
aa5b4eff51bdc7d1,1102,171,400818923,142856,RXZlbnROb2RlOjEzNzg=,715,47285,35220-ufc-200,363
5e7a28f20927d64a,1120,180,400874870,156524,RXZlbnROb2RlOjE0NDA=,716,51841,39393-ufc-fight-night-91,364
8a028648f3f0761d,1114,177,400873536,155690,RXZlbnROb2RlOjE0MzE=,719,51563,39076-ufc-on-fox-20,365
72cbe507644a587c,1129,181,400876134,157598,RXZlbnROb2RlOjE0NDQ=,721,52199,39712-ufc-201,366
232c582f29f8f65e,1146,190,400880606,159554,RXZlbnROb2RlOjE0NTg=,722,52851,40152-ufc-fight-night-92,367
5da4e8dc02e50ac0,1143,184,400879557,158702,RXZlbnROb2RlOjE0NDc=,723,52567,39739-ufc-202,368
cfbccfed4e4796fe,1150,191,400882509,159836,RXZlbnROb2RlOjE0NjA=,725,52945,40403-ufc-on-fox-21,369
2b4faacc16d66898,1139,186,400876250,157556,RXZlbnROb2RlOjE0NDU=,726,52185,39753-ufc-fight-night,370
2dc7f1762dc0a7ef,1138,185,400877534,158696,RXZlbnROb2RlOjE0NTc=,727,52565,40102-ufc-203-miocic-vs-overeem,371
d6455cb4bee503ce,1160,194,400893902,161918,RXZlbnROb2RlOjE0Nzg=,730,53639,40816-ufc-fight-night-94,372
e18012194473e8b0,1167,192,400893903,161924,RXZlbnROb2RlOjE0Nzk=,731,53641,40418-ufc-fight-night,373
a196332ee4aa8a82,1165,196,400896610,163268,RXZlbnROb2RlOjE0ODU=,733,54089,40949-ufc-fight-night,374
154a6b3ffae264cd,1168,197,400899015,164144,RXZlbnROb2RlOjE0NzQ=,735,54381,40792-ufc-204,375
6083f497c22cc075,1164,199,400897711,155960,RXZlbnROb2RlOjE0MzQ=,740,51653,41075-ufc-fight-night,376
4956f60b7fa57c1a,1188,203,400896159,157748,RXZlbnROb2RlOjE0NDM=,743,52249,39362-ufc,377
6810d8d2dd557cf9,1184,204,400901153,165980,RXZlbnROb2RlOjE0OTU=,744,54983,41367-ufc-fight-night,378
5cde96e0a1a1fffe,1185,212,400901154,165950,RXZlbnROb2RlOjE1MDk=,745,54993,41368-ufc-fight-night,379
73e09f837f3b5ecc,1191,205,400901155,165986,RXZlbnROb2RlOjE1MDg=,748,54995,41369-ufc-fight-night,380
bd4389b71fdc0ce2,1135,206,400876600,165992,RXZlbnROb2RlOjE0OTc=,752,54997,41342-the-ultimate-fighter-24-finale,381
7139cd2ae4bf6a29,1203,209,400901156,165998,RXZlbnROb2RlOjE0OTg=,753,54999,41370-ufc-fight-night,382
6e3282d57d2467a0,1204,207,400901157,166004,RXZlbnROb2RlOjE0OTk=,755,55001,41371-ufc-206,383
32541eb5d12668b4,1207,210,400901158,166010,RXZlbnROb2RlOjE1MDA=,757,55003,41372-ufc-fight-night,384
4b2390cfaceb91d8,1210,208,400901159,166016,RXZlbnROb2RlOjE1MDE=,758,55005,41373-ufc-207,385
46effbd1135423c5,1219,217,400925481,169718,RXZlbnROb2RlOjE1Mjg=,763,56239,42582-ufc-fight-night,386
4512e46543b960ad,1225,220,400925921,169736,RXZlbnROb2RlOjE1MzA=,766,56245,42697-ufc-on-fox-23,387
6a8a06b542e1516d,1226,221,400925601,169742,RXZlbnROb2RlOjE1MzE=,769,56247,42635-ufc,388
865aa315ea62c511,1229,219,400925788,169748,RXZlbnROb2RlOjE1MzI=,771,56249,42698-ufc-209,389
b4ad3a06ee4d660c,1228,226,400925785,169754,RXZlbnROb2RlOjE1MzM=,774,56251,42677-ufc-fight-night,390
20e403a1acfef130,1234,223,400925922,169766,RXZlbnROb2RlOjE1MzU=,777,56255,42699-ufc-210,391
47b7e4e60813b7b2,1231,224,400929017,169772,RXZlbnROb2RlOjE1MzY=,779,56257,42700-ufc-fight-night,392
c0231720fe516994,1246,225,400925786,169778,RXZlbnROb2RlOjE1Mzc=,780,56259,42681-ufc,393
e7bfdb5e0112891e,1248,231,400928881,173594,RXZlbnROb2RlOjE1OTk=,793,57531,43812-ufc-210,394
ed069a95aaaf4f56,1259,235,400942606,174914,RXZlbnROb2RlOjE2MDM=,795,57971,43966-ufc-fight-night,395
bc7f7f0ba3db74d2,1258,234,400942607,174908,RXZlbnROb2RlOjE2MTg=,797,57969,44240-ufc-fight-night-108,396
5df10509264586e5,1252,233,400941268,174470,RXZlbnROb2RlOjE2MDQ=,799,57823,43945-ufc-211,397
1c7cce2f5c17160d,1265,237,400944776,176216,RXZlbnROb2RlOjE2MjI=,806,58405,44414-ufc-fight-night,398
1507214bbc7a79e2,1257,236,400942508,174980,RXZlbnROb2RlOjE2MDg=,808,57993,44080-ufc-212,399
90e7447d8b7f3f35,1275,241,400947466,176234,RXZlbnROb2RlOjE2MzA=,809,58411,44562-ufc-fight-night-110,400
353de740bb6c7e75,1277,243,400944285,175724,RXZlbnROb2RlOjE2MjM=,811,58241,44376-ufc-fight-night,401
99bf06f20491cb54,1276,240,400948306,177542,RXZlbnROb2RlOjE2NDU=,819,58847,44840-ufc-fight-night-112,402
23bd78c3f89bdb54,1289,251,400951439,178022,RXZlbnROb2RlOjE2MTA=,823,59007,44082-the-ultimate-fighter-25-finale,403
686cccbf1a4de453,1282,246,400949108,178034,RXZlbnROb2RlOjE2MTE=,824,59011,44083-ufc-213,404
d7907a9a968e4d29,1293,250,400947050,177248,RXZlbnROb2RlOjE2MzE=,826,58749,44634-ufc-fight-night,405
9f3d6ddef3d3cccc,1292,252,400949207,179516,RXZlbnROb2RlOjE2NDk=,828,59505,44942-ufc-fight-night,406
ff9578cdbfabd323,1303,254,400925787,174476,RXZlbnROb2RlOjE2MjQ=,829,57825,44395-ufc-214,407
f4a031ac205ac580,1307,262,400953601,181088,RXZlbnROb2RlOjE2NzE=,830,60029,45713-ufc-fight-night,408
a3244e3238541482,1310,263,400947051,177254,RXZlbnROb2RlOjE2Mzg=,834,58751,44728-ufc-fight-night,409
d86e913c548c07c2,1308,264,400952466,180278,RXZlbnROb2RlOjE2MTM=,835,59759,44084-ufc-216,410
1979c80150f630c4,1343,273,400970916,186986,RXZlbnROb2RlOjE5MDc=,836,61995,46943-ufc-fight-night-116,411
9211aae062b799d6,1332,274,400964019,181340,RXZlbnROb2RlOjE2NzM=,839,60113,45800-ufc-fight-night,412
cc5834a495d1ea08,1341,275,400972121,186950,RXZlbnROb2RlOjE5MDg=,842,61983,46805-ufc-216,413
d6b68eaf4b68b160,1356,280,400972122,177260,RXZlbnROb2RlOjE2Mzk=,845,58753,44729-ufc-fight-night,414
a7724f51e32e763e,1352,281,400972116,186992,RXZlbnROb2RlOjE5MDk=,848,61997,47279-ufc-fight-night-119,415
a25b71fe5e31fa97,1348,279,400972115,186968,RXZlbnROb2RlOjE5MTA=,850,61989,46980-ufc,416
d856a0080ac09ed7,1353,285,400972117,188948,RXZlbnROb2RlOjE5MTE=,852,62649,47253-ufc-fight-night,417
caced97768818230,1354,286,400972118,186956,RXZlbnROb2RlOjE5MTI=,854,61985,46847-ufc-fight-night,418
e7bc606d269896aa,1363,295,400972114,187004,RXZlbnROb2RlOjE5MTM=,855,62001,47252-ufc-fight-night,419
30e8b4505f5ccf92,1364,303,400972134,186962,RXZlbnROb2RlOjE5MTQ=,858,61987,47254-the-ultimate-fighter-26-finale,420
9e30f69cc0869301,1368,301,400972119,186974,RXZlbnROb2RlOjE5MTU=,859,61991,47255-ufc-218,421
bcd124bcd3d5be46,1386,302,400985822,188870,RXZlbnROb2RlOjE5MzA=,861,62623,47256-ufc-fight-night,422
eaa0a728cc91ef60,1365,299,400972123,188864,RXZlbnROb2RlOjE5MzE=,864,62621,47257-ufc-fight-night,423
04076783ca83d6ae,1387,294,400972120,186980,RXZlbnROb2RlOjE2MTQ=,866,61993,47258-ufc-219,424
fc1868f56d3036eb,1408,304,400999549,192296,RXZlbnROb2RlOjE5OTE=,868,63765,48676-ufc,425
02177caefe7c07d4,1406,305,400999430,192290,RXZlbnROb2RlOjE5OTI=,870,63763,48687-ufc-220,426
602bb270f2bdbf02,1413,306,400999869,192908,RXZlbnROb2RlOjE5OTY=,872,63969,49007-ufc-fight-night-125,427
7cf20446453f852b,1418,312,400999366,192302,RXZlbnROb2RlOjE5OTM=,873,63767,48880-ufc-fight-night-125,428
15515e797aedc137,1411,311,400999582,192308,RXZlbnROb2RlOjE5OTQ=,874,63769,48688-ufc-221,429
d181689653115b6a,1412,320,400999870,192914,RXZlbnROb2RlOjE5OTc=,876,63971,49027-ufc-fight-night-127,430
daa89f01e1c0f42a,1425,319,400999871,192920,RXZlbnROb2RlOjE5OTg=,877,63973,49028-ufc-fight-night-128,431
7929be8290289a47,1422,321,400999550,192314,RXZlbnROb2RlOjE5OTU=,880,63771,48689-ufc-222,432
eed2b71d77d95416,1423,322,400999627,192926,RXZlbnROb2RlOjE5OTk=,883,63975,49029-ufc-fight-night-129,433
49e7e05f902479ca,1444,323,401012186,196874,RXZlbnROb2RlOjIwNDg=,887,65291,50149-ufc-223,434
620be7e0712d431b,1446,326,401011307,196982,RXZlbnROb2RlOjIwNTU=,890,65327,50283-ufc-fight-night,435
ad99fa5325519169,1455,328,401017343,197162,RXZlbnROb2RlOjIwNzY=,891,65387,50670-ufc-fight-night,436
67ec58d7cf599835,1453,332,401017344,197258,RXZlbnROb2RlOjIwNzg=,896,65419,50243-ufc-224,437
3144121470023e9a,1468,336,401021503,197744,RXZlbnROb2RlOjIwOTE=,897,65581,50992-ufc-fight-night,438
f5990c11974d8e9c,1478,343,401026710,199760,RXZlbnROb2RlOjIxMjM=,898,66253,51805-ufc-fight-night,439
d29b5c4f22c6357d,1467,337,401017493,197270,RXZlbnROb2RlOjIwODA=,900,65423,50754-ufc-fight-night,440
2eae41f61776c60f,1459,329,401017492,197264,RXZlbnROb2RlOjIwODE=,902,65421,50751-ufc-225,441
ac5f67109accb482,1475,360,401025730,202364,RXZlbnROb2RlOjIxMDA=,904,67121,51323-ufc-fight-night,442
8215e4fe24e8e81b,1503,361,401006826,197750,RXZlbnROb2RlOjIwMzk=,906,65583,49920-the-ultimate-fighter-27-finale,443
35585d970300d45a,1447,327,401006827,197102,RXZlbnROb2RlOjIwNDA=,907,65367,49921-ufc-226,444
b45d6b73f4ca4467,1504,359,401031114,201914,RXZlbnROb2RlOjIxMzU=,909,66971,52391-ufc-fight-night-133,445
4f732e58ed907eff,1507,352,401028392,201920,RXZlbnROb2RlOjIxMjQ=,913,66973,52081-ufc-fight-night,446
322a56923b396b4d,1502,358,401030616,201926,RXZlbnROb2RlOjIxMzc=,914,66975,52629-ufc-on-fox-30,447
03b1e846b09f721d,1492,344,401028930,201932,RXZlbnROb2RlOjIxMzg=,915,66977,52344-ufc-227,448
c0342805a1948cbb,1528,381,401036886,201938,RXZlbnROb2RlOjIxMzk=,917,66979,52393-ufc-fight-night,449
d5ae8074631762fc,1530,380,401035311,208820,RXZlbnROb2RlOjIyMTE=,920,69273,53597-ufc-228,450
8d49545dadf9b919,1539,382,401033913,205586,RXZlbnROb2RlOjIxOTY=,921,68195,53264-ufc-fight-night,451
852454c572675334,1544,383,401032731,208826,RXZlbnROb2RlOjIyMjI=,924,69275,53984-ufc-fight-night-137,452
1ef0eae31904e534,1566,391,401006828,208832,RXZlbnROb2RlOjIwNDE=,927,69277,49922-ufc-229,453
33a331684283900f,1564,393,401053583,208838,RXZlbnROb2RlOjIyMTM=,932,69279,53697-ufc-fight-night,454
20821819c401ced8,1562,392,401053584,208844,RXZlbnROb2RlOjIyMTQ=,933,69281,53519-ufc-230,455
42c96a9c4802e2e1,1559,394,401053585,208850,RXZlbnROb2RlOjIyMTU=,934,69283,53520-ufc-fight-night,456
aa3153a9941b4d44,1578,408,401053586,208856,RXZlbnROb2RlOjIyMjU=,937,69285,54134-ufc-fight-night-140,457
de25520d54eab12d,1579,409,401053587,208862,RXZlbnROb2RlOjIyMjY=,938,69287,54135-ufc-fight-night-141,458
c7ac79839e86ce33,1586,403,401053589,208868,RXZlbnROb2RlOjIyMjc=,940,69289,54136-the-ultimate-fighter-28-finale,459
d1d20e651e6cbc02,1574,407,401053588,208874,RXZlbnROb2RlOjIyMjg=,944,69291,54137-ufc-fight-night-142,460
2a74bbba57058f12,1584,406,401053582,208880,RXZlbnROb2RlOjIyMjk=,947,69293,54119-ufc-231,461
7a703c565ccaa18f,1587,423,401053610,208886,RXZlbnROb2RlOjIyMzA=,949,69295,54138-ufc-fight-night-143,462
c046100aea0dba9a,1583,399,401006829,208892,RXZlbnROb2RlOjIwNDc=,952,69297,49923-ufc-232,463
d4da8995fc91e7ef,1623,433,401098393,217058,RXZlbnROb2RlOjIzMDQ=,953,72019,55048-ufc-fight-night,464
84283233ec42be5f,1628,434,401098395,217070,RXZlbnROb2RlOjIzMDY=,955,72023,56348-ufc-fight-night-144,465
b5882371e2a3900d,1620,435,401098396,217034,RXZlbnROb2RlOjIzMDc=,957,72011,56334-ufc-234,466
a7a79b8efbceaaac,1637,443,401098397,217076,RXZlbnROb2RlOjIzMDg=,962,72025,56349-ufc-fight-night-145,467
6546af7ab545b90c,1638,445,401098398,217154,RXZlbnROb2RlOjIzMDk=,963,72051,56350-ufc-fight-night-146,468
2d5fbe2103f97053,1625,444,401098399,217082,RXZlbnROb2RlOjIzMTA=,965,72027,56351-ufc-235,469
e96d8538d3f9d0ed,1639,436,401098400,217088,RXZlbnROb2RlOjIzMTE=,968,72029,56352-ufc-fight-night-147,470
80eacd4da0617c57,1626,446,401098294,217094,RXZlbnROb2RlOjIzMTI=,969,72031,56327-ufc-fight-night,471
487c170da059857d,1654,453,401098401,217100,RXZlbnROb2RlOjIzMTM=,971,72033,56353-ufc-fight-night-149,472
9649d75defe0dedb,1648,448,401098402,217106,RXZlbnROb2RlOjIzMTQ=,974,72035,56354-ufc-fight-night-150,473
b0550072e5f0afa7,1666,456,401107793,221000,RXZlbnROb2RlOjIzNTk=,975,73333,57504-ufc-236,474
7dcf06c1967801c1,1673,461,401107794,221006,RXZlbnROb2RlOjIzNDQ=,976,73335,57505-ufc-on-espn-7,475
c912f676692c353a,1657,457,401107795,221012,RXZlbnROb2RlOjIzNDc=,977,73337,57506-ufc-on-espn-3,476
351264d11286d09a,1672,458,401107796,221018,RXZlbnROb2RlOjIzNDg=,981,73339,57507-ufc-on-espn-8,477
9de7c97e1c0d7927,1647,447,401107797,221024,RXZlbnROb2RlOjIzNTA=,985,73341,57508-ufc-237,478
6b8f28da9a483049,1674,462,401107798,221030,RXZlbnROb2RlOjIzNTE=,987,73343,57509-ufc-on-espn-9,479
cbc071cb20ea59c7,1676,465,401107799,221036,RXZlbnROb2RlOjIzMzk=,988,73345,57510-ufc-on-espn-10,480
e31502e3f79d00c5,1677,469,401107800,221042,RXZlbnROb2RlOjIzNDA=,991,73347,58449-ufc-238,481
b16a7e6a627e9789,1680,475,401107801,221048,RXZlbnROb2RlOjIzNDE=,994,73349,57512-ufc-on-espn-11,482
c0c1bc0766df4c00,1687,476,401107802,221054,RXZlbnROb2RlOjIzNDI=,996,73351,57513-ufc-on-espn-4,483
6c9383ffab2725a5,1686,470,401122133,226340,RXZlbnROb2RlOjIzODA=,997,75113,58831-ufc-239,484
2f8f3c69522db931,1714,490,401129395,230720,RXZlbnROb2RlOjI0NjQ=,999,76573,59896-ufc-on-espn-13,485
9e0f28d1f639ad73,1717,487,401131735,230726,RXZlbnROb2RlOjI0NjU=,1000,76575,60311-ufc-on-espn-4,486
abcf7e55a0a9ed89,1713,485,401131019,230732,RXZlbnROb2RlOjI0MDQ=,1001,76577,59521-ufc-240,487
03da33a102d9a45f,1734,510,401131736,230738,RXZlbnROb2RlOjI0Njg=,1002,76579,60312-ufc-on-espn-5-covington-vs-lawler,488
e5d03e4d966126bd,1724,500,401131737,230744,RXZlbnROb2RlOjI0NzA=,1003,76581,60313-ufc-on-espn-14,489
70167689d6a01793,1709,477,401130480,230150,RXZlbnROb2RlOjI0MDY=,1005,76383,59522-ufc-241,490
2c104b7e59a72629,1733,503,401131738,230750,RXZlbnROb2RlOjI0NDc=,1007,76583,60314-ufc-on-espn-15,491
a79bfbc01b2264d6,1715,486,401129626,230204,RXZlbnROb2RlOjI0NDg=,1010,76401,60004-ufc-242,492
4834ff149dc9542a,1735,528,401131739,230756,RXZlbnROb2RlOjI0NTA=,1012,76585,60315-ufc-on-espn-16,493
94a5aaf573f780ad,1753,527,401131740,230762,RXZlbnROb2RlOjI0NTE=,1014,76587,60316-ufc-on-espn-17,494
1bf49bf829964144,1747,509,401131741,230768,RXZlbnROb2RlOjI0NTM=,1015,76589,60317-ufc-on-espn-18,495
3cf68c1d17f66af7,1752,519,401131742,230774,RXZlbnROb2RlOjI0NTQ=,1021,76591,60318-ufc-243,496
0941df56f6ac954b,1751,507,401131743,230780,RXZlbnROb2RlOjI0NTY=,1023,76593,60319-ufc-on-espn-19,497
3ae10ac4df3df05c,1764,520,401131744,230786,RXZlbnROb2RlOjI0NTk=,1025,76595,60320-ufc-on-espn-2,498
df05aa15b2d66f57,1793,536,401131745,230792,RXZlbnROb2RlOjI0NjE=,1027,76597,60321-ufc-on-espn-20,499
fd87b1bbfcde9d5e,1771,526,401131746,230798,RXZlbnROb2RlOjI0MzQ=,1031,76599,60322-ufc-244,500
8d5daf67983b65ba,1795,537,401131748,240470,RXZlbnROb2RlOjI1MDg=,1033,79823,61626-ufc-on-espn-21,501
81ca2c245b19b3c5,1755,538,401131747,230804,RXZlbnROb2RlOjI0MzY=,1036,76601,60323-ufc-on-espn-21,502
b09890ba7ce1d1e2,1785,539,401131749,230816,RXZlbnROb2RlOjI0Mzk=,1040,76605,60325-ufc-on-espn-6,503
4565d435005319c0,1787,540,401131750,230822,RXZlbnROb2RlOjI0NDE=,1042,76607,60326-ufc-245,504
74fefd43f073cd2f,1803,541,401131751,230828,RXZlbnROb2RlOjI0NDM=,1043,76609,60327-ufc-on-espn-23,505
0c1773639c795466,1839,567,401186853,248276,RXZlbnROb2RlOjI5Njc=,1047,82425,63997-ufc-fight-night,506
44aa652b181bcf68,1841,568,401184483,247742,RXZlbnROb2RlOjI5NzQ=,1049,82247,64361-ufc-on-espn-24,507
b26d3e3746fb4024,1837,570,401186107,248282,RXZlbnROb2RlOjI5NzY=,1051,82427,64388-ufc-on-espn,508
5df17b3620145578,1848,573,401186108,249932,RXZlbnROb2RlOjI5ODU=,1052,82977,64635-ufc-on-espn,509
33b2f68ef95252e0,1846,575,401185213,249950,RXZlbnROb2RlOjI5ODA=,1055,82983,64478-ufc-on-espn,510
fc9a9559a05f2704,1862,579,401189213,251438,RXZlbnROb2RlOjMwMTg=,1056,83479,65142-ufc-on-espn-27,511
0b5b6876c2a4723f,1849,584,401189215,250754,RXZlbnROb2RlOjI5ODQ=,1059,83251,64599-ufc-248,512
53278852bcd91e11,1847,586,401197169,248288,RXZlbnROb2RlOjI5Nzk=,1060,82429,64600-ufc-on-espn-26,513
898337ef520fe4d3,1875,597,401214013,254072,RXZlbnROb2RlOjMwMzc=,1062,84357,66312-ufc-250,514
5f8e00c27b7e7410,1876,605,401219973,260240,RXZlbnROb2RlOjMxMTc=,1063,86413,69126-ufc-fight-night,515
dfb965c9824425db,1908,598,401216234,256766,RXZlbnROb2RlOjMwNjI=,1064,85255,67412-ufc-on-espn-33,516
14b9e0f2679a2205,1910,606,401220707,260243,RXZlbnROb2RlOjMxMTg=,1065,86414,69127-ufc-fight-night,517
4c12aa7ca246e7a4,1909,599,401214015,257036,RXZlbnROb2RlOjMwNjA=,1066,85345,67364-ufc-251,518
1e13936d708bcff7,1898,607,401220846,257456,RXZlbnROb2RlOjMwNjQ=,1067,85485,67562-ufc-on-espn,519
2eab7a6c8b0ed8cc,1897,609,401220847,258260,RXZlbnROb2RlOjMwNjY=,1068,85753,67608-ufc-on-espn,520
c32eab6c2119e989,1895,610,401220968,257318,RXZlbnROb2RlOjMwNjU=,1069,85439,67596-ufc-on-espn,521
dbd198f780286aca,1890,608,401217353,260720,RXZlbnROb2RlOjMwNjk=,1072,86573,67725-ufc-252,522
18f5669a92e99d92,1917,612,401220964,261248,RXZlbnROb2RlOjMxMjk=,1073,86749,70017-ufc-fight-night,523
ddbd0d6259ce57cc,1913,611,401220965,260918,RXZlbnROb2RlOjMxMjI=,1074,86639,69705-ufc-fight-night,524
dde70a112e053a6c,1903,617,401220966,261047,RXZlbnROb2RlOjMxMjM=,1076,86682,69764-ufc-fight-night,525
3746e21bb508391a,1918,613,401221004,261377,RXZlbnROb2RlOjMxMjU=,1078,86792,69945-ufc-fight-night,526
7a82635ffa9b59fe,1885,618,401221827,261485,RXZlbnROb2RlOjMxMzk=,1080,86828,70216-ufc-fight-night,527
bda04c573563cc2e,1919,614,401220967,256160,RXZlbnROb2RlOjMwNTc=,1081,85053,67159-ufc-on-espn,528
af1e5c64b8663aa0,1931,616,401221825,261407,RXZlbnROb2RlOjMxMzY=,1083,86802,70108-ufc-fight-night,529
e29cf523ebd155c5,1932,619,401221826,261488,RXZlbnROb2RlOjMxMzU=,1085,86829,70174-ufc-fight-night,530
542db012217ecb83,1953,625,401222725,262136,RXZlbnROb2RlOjMxNjU=,1086,87045,70907-ufc-fight-night,531
9c37681096c6f3a9,1945,623,401222726,261908,RXZlbnROb2RlOjMxNTY=,1088,86969,70698-ufc-fight-night,532
831b937811804dad,1944,622,401222488,262064,RXZlbnROb2RlOjMxNTg=,1091,87021,70810-ufc-fight-night,533
e69c5ce12f4e762b,1952,615,401221824,261392,RXZlbnROb2RlOjMxMzA=,1096,86797,70105-ufc-253,534
805ad1801eb26abb,1970,643,401222489,262670,RXZlbnROb2RlOjMxNzI=,1099,87223,71155-ufc-fight-night,535
fd4578cac86d75ca,1965,644,401223164,262922,RXZlbnROb2RlOjMxOTQ=,1102,87307,71622-ufc-fight-night,536
d4f364dd076bb0e2,1971,632,401222984,262832,RXZlbnROb2RlOjMxODg=,1104,87277,71447-ufc-fight-night,537
c3c38c86f5ab9b5c,1958,629,401221918,262124,RXZlbnROb2RlOjMxNjI=,1105,87041,70869-ufc-255,538
ad044be25c94dcfd,1973,639,401223930,263093,RXZlbnROb2RlOjMyMDM=,1107,87364,71817-ufc-fight-night,539
41dca66f9dadfc86,1974,670,401224364,263087,RXZlbnROb2RlOjMyMDI=,1109,87362,71816-ufc-fight-night,540
3bc27ec15facbcf3,1981,671,401222707,263180,RXZlbnROb2RlOjMyMDQ=,1112,87393,71846-ufc-fight-night,541
bbb15f301e4a490a,1967,635,401224104,262937,RXZlbnROb2RlOjMxOTY=,1115,87312,71715-ufc-255,542
992c82450d96f726,1979,651,401223931,263177,RXZlbnROb2RlOjMyMDU=,1116,87392,71907-ufc-fight-night-blaydes-vs-lewis,543
398b440e73d55b8b,1982,652,600000500,263207,RXZlbnROb2RlOjMyMTM=,1117,87402,71961-ufc-fight-night,544
d0d43cb9b14f231c,1983,653,600000340,263204,RXZlbnROb2RlOjMyMTQ=,1122,87401,71960-ufc-256,545
e49c2db95e572dc8,2000,668,600000760,263939,RXZlbnROb2RlOjMyNDE=,1124,87646,72974-ufc-fight-night,546
307064d3e0f036c2,2009,686,600000637,264278,RXZlbnROb2RlOjMyNTE=,1125,87759,73220-ufc-fight-night,547
56116537d71a578c,2044,692,600001720,265514,RXZlbnROb2RlOjMyOTM=,1126,88171,74598-ufc-fight-night,548
4304992c2acc187b,2016,683,600000835,264395,RXZlbnROb2RlOjMyNjI=,1127,87798,73413-ufc-257,549
a1153013cb5f628f,2029,694,600002201,264407,RXZlbnROb2RlOjMyNjE=,1129,87802,73411-ufc-fight-night,550
3f7c14c7eca7195d,2033,695,600000638,264392,RXZlbnROb2RlOjMyNTg=,1130,87797,73379-ufc-fight-night,551
bfe95ec546692b13,2035,696,600002200,265067,RXZlbnROb2RlOjMyODg=,1131,88022,74141-ufc-fight-night,552
81b57acd6975ac06,2039,700,600002600,264710,RXZlbnROb2RlOjMyNzQ=,1132,87903,73679-ufc-fight-night,553
6e2b1d631832921d,2038,698,600001860,265010,RXZlbnROb2RlOjMyODU=,1133,88003,74079-ufc-fight-night,554
8c90c1563972e44d,2048,702,600002541,265853,RXZlbnROb2RlOjMyOTc=,1134,88284,74857-ufc-fight-night,555
c36e1f4fa755ffb4,2053,701,600003480,265517,RXZlbnROb2RlOjMyOTI=,1139,88172,74572-ufc-fight-night,556
6597b611f1c32555,2055,704,600002601,266132,RXZlbnROb2RlOjMzMTM=,1140,88377,75458-ufc-fight-night,557
9114c8ded5ccd71d,2061,709,600004560,265958,RXZlbnROb2RlOjMzMDM=,1143,88319,75229-ufc-fight-night,558
4a35913bd9aa4161,2062,710,600004180,266516,RXZlbnROb2RlOjMzMTc=,1145,88505,76103-ufc-fight-night,559
27541033b97c076d,2087,720,600004360,266762,RXZlbnROb2RlOjMzMjY=,1147,88587,76694-ufc-fight-night,560
d57e6a8971b6d2bd,2074,721,600004911,266876,RXZlbnROb2RlOjM1MzQ=,1148,88625,76888-ufc-fight-night,561
58a36b4ccf5dc30e,2075,722,600004802,266918,RXZlbnROb2RlOjM1Mzk=,1150,88639,76941-ufc-fight-night,562
744f50016c39c26c,2086,723,600004800,267083,RXZlbnROb2RlOjM1NDY=,1152,88694,77263-ufc-fight-night,563
277ffed20cf07aea,2085,724,600004801,267086,RXZlbnROb2RlOjM1NDc=,1155,88695,77264-ufc-fight-night,564
3b2485c8d5c8b580,2108,726,600006285,267464,RXZlbnROb2RlOjM1NjU=,1156,88821,77692-ufc-fight-night,565
0b64d0fed453ef7f,2115,725,600005882,267281,RXZlbnROb2RlOjM1NjE=,1158,88760,77570-ufc-263,566
9ddfb3369a3b0394,2130,728,600006201,267386,RXZlbnROb2RlOjM1NjM=,1160,88795,77656-ufc-fight-night,567
a1d6b308781aa2f5,2109,729,600005315,267473,RXZlbnROb2RlOjM1Njg=,1163,88824,77763-ufc-fight-night,568
8a0be41c0380188d,2127,738,600005500,267908,RXZlbnROb2RlOjM1ODU=,1166,88969,78106-ufc-264,569
40389d39a92f5bfa,2139,739,600006953,267950,RXZlbnROb2RlOjM1ODY=,1169,88983,78130-ufc-fight-night,570
e57f0b06ea39e360,2137,744,600006954,268358,RXZlbnROb2RlOjM1OTk=,1177,89119,78477-ufc-fight-night,571
320edfb0332b7073,2165,762,600007669,268484,RXZlbnROb2RlOjM2MDk=,1183,89161,78698-ufc-fight-night,572
972197a8c61ac413,2142,757,600006400,268421,RXZlbnROb2RlOjM2MDc=,1189,89140,78675-ufc-265,573
2f13e4020cea5b38,2166,761,600006804,269135,RXZlbnROb2RlOjM2MzQ=,1207,89378,79118-ufc-fight-night,574
0db9d2486d564a3c,2251,763,600008941,269012,RXZlbnROb2RlOjM2MzM=,1210,89337,79108-ufc-fight-night,575
b9532d815060de7f,2213,764,600009540,269972,RXZlbnROb2RlOjM2MDQ=,1211,89657,79654-ufc-fight-night,576
4c27ca8c8481f79a,2171,771,600009680,269321,RXZlbnROb2RlOjM2NDA=,1213,89440,79258-ufc-fight-night,577
0eec866a077889f0,2177,768,600006401,268424,RXZlbnROb2RlOjM2Mzc=,1215,89141,78601-ufc-266,578
e15d0a2519d6a0b5,2167,778,600009834,269132,RXZlbnROb2RlOjM2NjM=,1220,89377,79693-ufc-fight-night,579
d247691a6c0e9034,2173,784,600010160,270455,RXZlbnROb2RlOjM2Nzg=,1221,89818,80131-ufc-fight-night,580
8f4616698508f24d,2178,788,600010407,270662,RXZlbnROb2RlOjM2ODg=,1222,89887,80539-ufc-fight-night,581
8a9c6c4301f6d088,2203,794,600010587,270998,RXZlbnROb2RlOjM3MTM=,1226,89999,81267-ufc-fight-night,582
3974fa35c917af1d,2217,790,600009660,270458,RXZlbnROb2RlOjM2ODE=,1228,89819,80222-ufc-267,583
48e093ea1f43a053,2246,805,600010313,271130,RXZlbnROb2RlOjM3MTc=,1230,90043,81402-ufc-268-usman-vs-covington-2,584
b5abaa65f87938eb,2224,828,600011067,271355,RXZlbnROb2RlOjM3Mjg=,1232,90118,81601-ufc-fight-night,585
c95fbc085e17a532,2237,829,600011247,271358,RXZlbnROb2RlOjM3Mjc=,1233,90119,81602-ufc-fight-night,586
509697e08673d2e5,2259,830,600011267,271961,RXZlbnROb2RlOjM3NDc=,1235,90320,82179-ufc-fight-night,587
ef927e4fe2117ab8,2279,814,600010340,271361,RXZlbnROb2RlOjM3MjY=,1239,90120,81603-ufc-fight-night,588
2a470ad41c22c25a,2286,831,600011248,271769,RXZlbnROb2RlOjM3Mzg=,1240,90256,82070-ufc-fight-night,589
f5585e675af7afd4,2320,847,600013389,272657,RXZlbnROb2RlOjM3NjI=,1244,90552,82805-ufc-fight-night,590
335ad945324c3a2e,2322,844,600011827,272837,RXZlbnROb2RlOjM3NjM=,1245,90612,82993-ufc-270,591
883922e5cd6d8473,2430,882,600014067,273065,RXZlbnROb2RlOjM3NzM=,1249,90688,83125-ufc-fight-night,592
cbb682f5fcc44bfc,2338,856,600013887,273227,RXZlbnROb2RlOjM3ODE=,1250,90742,83288-ufc-271,593
77940e45bc86208e,2413,887,600014767,273530,RXZlbnROb2RlOjM3OTE=,1251,90843,83406-ufc-fight-night,594
f6a7b02c42e9fc5b,2343,893,600014327,273539,RXZlbnROb2RlOjM3OTI=,1254,90846,83426-ufc-fight-night,595
75e0d3cc2262b732,2380,890,600013889,274835,RXZlbnROb2RlOjM4MTU=,1256,91278,84662-ufc-fight-night,596
1f9344211ca7fd60,2414,889,600014167,274394,RXZlbnROb2RlOjM4MDk=,1259,91131,84364-ufc-fight-night,597
1d00756835ca67c9,2376,897,600015251,274109,RXZlbnROb2RlOjM3OTk=,1262,91036,83999-ufc-fight-night,598
1fac46d466abd5b8,2391,888,600013888,274391,RXZlbnROb2RlOjM4MDY=,1264,91130,84285-ufc-fight-night,599
3a97fda0de6f1fa4,2411,894,600016207,276038,RXZlbnROb2RlOjM4MzY=,1267,91679,85306-ufc-fight-night,600
8753e125f4499816,2412,926,600016208,276206,RXZlbnROb2RlOjM4NTI=,1269,91735,85814-ufc-fight-night,601
236a37d96d476164,2435,927,600016209,276392,RXZlbnROb2RlOjM4Njk=,1273,91797,86013-ufc-fight-night,602
6bf5a7d3e081ade2,2474,928,600016747,276563,RXZlbnROb2RlOjM4Nzc=,1276,91854,86142-ufc-fight-night,603
253d3f9e97ca149a,2422,925,600017087,275537,RXZlbnROb2RlOjM4MzM=,1280,91512,85253-ufc-274,604
60ba33c3f555a7a3,2418,951,600018367,276386,RXZlbnROb2RlOjM4NTY=,1283,91795,85916-ufc-fight-night,605
a6c32678efd4f434,2428,952,600018214,276935,RXZlbnROb2RlOjM4OTA=,1284,91978,86509-ufc-fight-night,606
57591bbf1623574e,2441,961,600018857,277172,RXZlbnROb2RlOjM4OTk=,1288,92057,86746-ufc-fight-night,607
3a24769a4855040a,2561,941,600018247,277559,RXZlbnROb2RlOjM5MTI=,1289,92186,87286-ufc-275-teixeira-vs-prochazka,608
a0a680fe2f6cc8e6,2523,962,600019387,279011,RXZlbnROb2RlOjM5NzI=,1292,92670,88108-ufc-fight-night,609
eb42d4febfafefd1,2574,984,600020441,278909,RXZlbnROb2RlOjM5NjU=,1297,92636,87971-ufc-fight-night,610
4a9e305633f3ef47,2478,963,600015541,276647,RXZlbnROb2RlOjM4ODY=,1299,91882,87604-ufc-276,611
31da66df48c0c1a0,2501,976,600019227,279215,RXZlbnROb2RlOjM5ODA=,1300,92738,88397-ufc-fight-night,612
8fd76e1b49c00ae2,2524,975,600020987,279377,RXZlbnROb2RlOjM5ODg=,1301,92792,88485-ufc-fight-night,613
319c15b8aac5bfde,2519,964,600019287,279719,RXZlbnROb2RlOjQwMDc=,1305,92906,88711-ufc-fight-night,614
b0a6124751a56bc4,2517,965,600020707,278900,RXZlbnROb2RlOjM5NjQ=,1307,92633,87975-ufc-fight-night,615
8f6a18831a120817,2534,1012,600021087,280229,RXZlbnROb2RlOjQwNDA=,,93076,89111-ufc-fight-night-santos-vs-hill,616
a23e63184c65f5b8,2552,990,600022153,280577,RXZlbnROb2RlOjQwNDg=,1313,93192,89355-ufc-fight-night,617
4f853e98886283cf,2545,999,600021776,280604,RXZlbnROb2RlOjQwNDc=,1316,93201,89354-ufc-fight-night,618
00a905a4a4a2b071,2518,974,600020487,280109,RXZlbnROb2RlOjQwMzI=,1318,93036,88967-ufc-fight-night,619
93bf96be327fcd98,2541,1018,600023167,280742,RXZlbnROb2RlOjQwNTE=,1319,93247,89492-ufc-fight-night,620
8d477c3fbe001f9d,2569,1041,600022789,281837,RXZlbnROb2RlOjQyNzk=,1320,93612,90191-ufc-fight-night,621
4f670b7972fa0a2e,2489,1043,600023587,281279,RXZlbnROb2RlOjQyNTc=,1324,93426,89894-ufc-fight-night,622
49c29e57d4e2be6f,2579,1044,600023508,282428,RXZlbnROb2RlOjQzMTg=,1328,93809,90713-ufc-fight-night,623
885e7f70dcac0007,2586,1016,600017767,278471,RXZlbnROb2RlOjM5MzQ=,1329,92490,87755-ufc-281,624
be5aab761c40ef35,2606,1081,600023527,283133,RXZlbnROb2RlOjQzMzA=,1330,94044,91651-ufc-fight-night,625
756f45905fb20cb5,2612,1083,600024347,283130,RXZlbnROb2RlOjQzMzE=,1333,94043,91921-ufc-fight-night,626
b3b6e80b7d5f8f0d,2529,1031,600023427,283124,RXZlbnROb2RlOjQzMzI=,1336,94041,91828-ufc-281,627
012fc7cd0779c09a,2633,1090,600024907,283136,RXZlbnROb2RlOjQzMzM=,1338,94045,91976-ufc-fight-night,628
b23388ff8ac6637b,2607,1093,600024851,283139,RXZlbnROb2RlOjQzMzQ=,1341,94046,91801-ufc-fight-night,629
f65a0eb902f9476b,2621,1079,600025607,283127,RXZlbnROb2RlOjQzMzU=,1343,94042,92214-ufc-282,630
56ec58954158966a,2632,1078,600023847,283142,RXZlbnROb2RlOjQzMzY=,1345,94047,92365-ufc-fight-night,631
2e2cdb6e9eb84bb9,2666,1143,600026147,285839,RXZlbnROb2RlOjQ0MjY=,1348,94946,93279-ufc-fight-night,632
5717efc6f271cd52,2635,1113,600023647,283994,RXZlbnROb2RlOjQzODI=,1350,94331,92055-ufc-283,633
d26394fc0e8e880a,2747,1153,600027632,286499,RXZlbnROb2RlOjQ0NDE=,1352,95166,93977-ufc-fight-night,634
01dd4cdc2446f665,2710,1103,600025531,286094,RXZlbnROb2RlOjQ0Mzg=,1353,95031,93764-ufc-284,635
f21a3d68fb9df387,2700,1157,600027447,286979,RXZlbnROb2RlOjQ0NjA=,1354,95326,94589-ufc-fight-night,636
806975e1b4f47b27,2709,1158,600027450,287681,RXZlbnROb2RlOjQ0Njk=,1356,95560,95023-ufc-fight-night,637
1ccff7f0cfdf85eb,2738,1155,600027449,286697,RXZlbnROb2RlOjQ0NTA=,1357,95232,94418-ufc-285,638
35080a7f406f9ab3,2719,1166,600027448,287846,RXZlbnROb2RlOjQ0ODY=,1360,95615,95455-ufc-fight-night-smith-vs-hill,639
e4bb7e483c4ad318,2746,1156,600027407,288386,RXZlbnROb2RlOjQ0ODM=,1362,95795,95408-ufc-286,640
aec273fcb765330d,2724,1175,600027451,288113,RXZlbnROb2RlOjQ1MDE=,1364,95704,96078-ufc-fight-night,641
3dc3022232b79c7a,2760,1172,600029512,289094,RXZlbnROb2RlOjQ1NTY=,1368,96031,96871-ufc-287,642
15b1b21cd743d652,2796,1178,600030131,289706,RXZlbnROb2RlOjQ1ODA=,1370,96235,97461-ufc-fight-night,643
6fb1ba67bef41b37,2770,1211,600030732,289709,RXZlbnROb2RlOjQ1Nzk=,1373,96236,97433-ufc-fight-night,644
51b1e2fd9872005b,2776,1212,600032152,290051,RXZlbnROb2RlOjQ1OTI=,1376,96350,97740-ufc-fight-night,645
3c6976f8182d9527,2777,1209,600031072,290054,RXZlbnROb2RlOjQ1OTQ=,1379,96351,97782-ufc-fight-night,646
901cddcbfa079097,2850,1236,600032692,290582,RXZlbnROb2RlOjQ2MTU=,1381,96527,98223-ufc-fight-night,647
6f812143641ceff8,2807,1247,600033352,291068,RXZlbnROb2RlOjQ2Mjc=,1382,96689,98571-ufc-fight-night,648
7abe471b61725980,2870,1248,600033393,291881,RXZlbnROb2RlOjQ2NDM=,1384,96960,99119-ufc-fight-night,649
b6c6d1731ff00eeb,2830,1237,600032952,292061,RXZlbnROb2RlOjQ2NTQ=,1386,97020,99346-ufc-289,650
b9415726dc3ec526,2849,1255,600033395,292349,RXZlbnROb2RlOjQ2NjY=,1389,97116,99705-ufc-fight-night,651
a780d16cf7eed44d,2848,1256,600033394,292448,RXZlbnROb2RlOjQ2Njg=,1391,97149,99780-ufc-fight-night,652
e9e1acc96536bb4f,2871,1257,600033392,293387,RXZlbnROb2RlOjQ2OTY=,1392,97462,100452-ufc-fight-night,653
6085ceb59087514b,2921,1258,600031074,291272,RXZlbnROb2RlOjQ2MzQ=,1394,96757,98868-ufc-290,654
c9885b1b7c7055a0,2891,1293,600033932,293600,RXZlbnROb2RlOjQ3MDI=,1395,97533,100553-ufc-fight-night,655
1174782eacde9b0c,2886,1279,600033408,292610,RXZlbnROb2RlOjQ2NzE=,1397,97203,99813-ufc-fight-night,656
ccd58ff71e260ed5,2900,1266,600034052,293390,RXZlbnROb2RlOjQ3NDQ=,1399,97463,101214-ufc-291,657
6f81b6de2557739a,2936,1298,600035212,294593,RXZlbnROb2RlOjQ3NTE=,1401,97864,101342-ufc-fight-night,658
d2fa318f34d0aadc,2905,1299,600034512,294299,RXZlbnROb2RlOjQ3Mzg=,1403,97766,101163-ufc-fight-night,659
2719f300b0439039,2899,1267,600034053,293753,RXZlbnROb2RlOjQ3Mjc=,1406,97584,101022-ufc-292,660
89a407032911e27e,2935,1317,600035213,295466,RXZlbnROb2RlOjQ3NTU=,1408,98155,101389-ufc-fight-night,661
ef61d9f5176b3200,2934,1325,600035214,295331,RXZlbnROb2RlOjQ4MDI=,1409,98110,102007-ufc-fight-night,662
ece280745f8727b8,3009,1326,600034272,295148,RXZlbnROb2RlOjQ3NDk=,1411,98049,101315-ufc-293,663
8fa2b06572365321,3020,1324,600035912,295154,RXZlbnROb2RlOjQ3NzQ=,1412,98051,101864-ufc-fight-night,664
c945adc22c2bfe8f,2967,1341,600037292,295157,RXZlbnROb2RlOjQ3NzU=,1415,98052,101865-ufc-fight-night,665
c8a49ff2acb6f3c5,3043,1354,600037932,295160,RXZlbnROb2RlOjQ3NzY=,1417,98053,101866-ufc-fight-night,666
f3a078277b3b8ff4,3052,1364,600038272,296786,RXZlbnROb2RlOjUxMDc=,1420,98595,103212-ufc-fight-night,667
13a0fb8fbdafb54f,2908,1330,600031832,292058,RXZlbnROb2RlOjQ2NTU=,1421,97019,99416-ufc-294,668
7c4ec656d8fcb867,2988,1379,600037492,295181,RXZlbnROb2RlOjQ3Nzc=,1424,98060,101863-ufc-fight-night,669
5a558ba1ff5e9121,3004,1310,600036292,296483,RXZlbnROb2RlOjUwOTg=,1426,98494,102959-ufc-295-jones-vs-miocic,670
3feed7d02711d8b7,3105,1388,600037752,295163,RXZlbnROb2RlOjQ3Nzg=,1428,98054,101867-ufc-fight-night,671
53e4e21f4c688801,3107,1400,600039593,298406,RXZlbnROb2RlOjUyNTE=,1431,99135,104486-ufc-fight-night,672
5ef0088c1b19beeb,3133,1416,600039634,299405,RXZlbnROb2RlOjUyODE=,1432,99468,105194-ufc-fight-night,673
a8e8587a06e73c87,3053,1369,600038652,295151,RXZlbnROb2RlOjQ3Nzk=,1433,98050,101868-ufc,674
010986ee359fb863,3123,1428,600039893,299816,RXZlbnROb2RlOjUyOTM=,1435,99605,105485-ufc-fight-night,675
bd85ca0bb4f26cfc,3106,1411,600039713,300221,RXZlbnROb2RlOjUzMDY=,1436,99740,105840-ufc-297,676
cce79e827569f26e,3160,1442,600040373,301436,RXZlbnROb2RlOjUzNDc=,1438,100145,106801-ufc-fight-night,677
eaea0fc7b76525a8,3163,1447,600040033,302207,RXZlbnROb2RlOjUzNTg=,1439,100402,107367-ufc-fight-night,678
dab0e6cb8c932162,3112,1423,600039753,301859,RXZlbnROb2RlOjUzNTU=,1440,100286,107060-ufc-298,679
902ab9197b83d0db,3162,1448,600041054,302405,RXZlbnROb2RlOjUzNjI=,1443,100468,107471-ufc-fight-night,680
e4a9dbade7c7e1a7,3193,1466,600042433,301217,RXZlbnROb2RlOjUzMTg=,1444,100072,106064-ufc-fight-night,681
a9df5ae20a97b090,3155,1439,600039754,301862,RXZlbnROb2RlOjUzNTY=,1446,100287,107061-ufc-299,682
c398235fcaf8d71d,3206,1461,600041993,303203,RXZlbnROb2RlOjU0MDI=,1450,100734,108288-ufc-fight-night,683
79ff6545b0abc685,3174,1470,600041994,303206,RXZlbnROb2RlOjUzOTQ=,1452,100735,108462-ufc-fight-night,684
dba230fe33011201,3173,1492,600041055,303155,RXZlbnROb2RlOjUzODI=,1454,100718,107896-ufc-fight-night,685
899eaba48fa864a6,3230,1495,600041733,303710,RXZlbnROb2RlOjU0MjQ=,1457,100903,108721-ufc-fight-night,686
6750e338922a099d,3205,1444,600041053,303509,RXZlbnROb2RlOjU0MTY=,1460,100836,108579-ufc-300,687
a16ce18149021139,3252,1509,600043333,304724,RXZlbnROb2RlOjU0Nzc=,1463,101241,109627-ufc-fight-night,688
981ab7a0576f76a0,3271,1510,600043073,304727,RXZlbnROb2RlOjU0NzU=,1464,101242,109604-ufc-fight-night,689
5dfe71ade71f3a4b,3238,1520,600043713,305849,RXZlbnROb2RlOjU1MTU=,1465,101616,110365-ufc-fight-night,690
46baf0f57edfa4df,3290,1528,600044353,305807,RXZlbnROb2RlOjU1MTQ=,1467,101602,110359-ufc-fight-night,691
6e4acc2c115215b5,3270,1530,600044413,305852,RXZlbnROb2RlOjU1MTM=,1470,101617,110366-ufc-302,692
cba3a2dfbc06ce79,3313,1549,600044933,307661,RXZlbnROb2RlOjU1NzU=,1471,102220,111458-ufc-fight-night,693
9c5828c6fd9dc948,3318,1548,600045713,307589,RXZlbnROb2RlOjU1ODA=,1472,102196,111669-ufc-fight-night,694
b12a1d19ee383b7c,3277,1554,600042393,305057,RXZlbnROb2RlOjU0ODY=,1475,101352,109963-ufc-fight-night,695
f3743d8ef5dde970,3283,1544,600043173,305720,RXZlbnROb2RlOjU0MzQ=,1478,101573,109011-ufc,696
66e0a70352fef46a,3363,1567,600046021,307922,RXZlbnROb2RlOjU1ODk=,1479,102307,111798-ufc-fight-night,697
c11036da9162cb5f,3372,1582,600046020,309053,RXZlbnROb2RlOjU3NjI=,1480,102684,112783-ufc-fight-night,698
026b4f7049085842,3307,1542,600045073,309050,RXZlbnROb2RlOjU3NjY=,1484,102683,112936-ufc-304,699
fe435e440b5de0ff,3320,1555,600043635,306878,RXZlbnROb2RlOjU1NTA=,1485,101959,111167-ufc-fight-night,700
2c733e059462c1dc,3406,1598,600048251,309047,RXZlbnROb2RlOjU3NjE=,1487,102682,112784-ufc-fight-night,701
32ba186f4b0e3267,3350,1573,600044293,307907,RXZlbnROb2RlOjU1OTA=,1489,102302,111885-ufc-305,702
be8ad887e4d674b0,3414,1607,600048324,310859,RXZlbnROb2RlOjU4NDk=,1491,103286,114902-ufc-fight-night,703
ee0b69e307c857e5,3362,1584,600046942,310577,RXZlbnROb2RlOjU4MzU=,1493,103192,114678-ufc-fight-night,704
0c01568b1ac77bff,3371,1583,600039853,303512,RXZlbnROb2RlOjU0MTQ=,1495,100837,110826-ufc-306,705
079488710f012779,3427,1612,600045735,307583,RXZlbnROb2RlOjU1ODE=,1499,102194,111674-ufc-fight-night,706
eee8efec7b951d84,3433,1617,600048801,310580,RXZlbnROb2RlOjU4MzQ=,1500,103193,116146-ufc-307,707
5bdcbd8dd681a257,3500,1660,600049121,312146,RXZlbnROb2RlOjU4OTg=,1501,103715,115961-ufc-fight-night,708
6a0047ac8c99fece,3513,1670,600049122,312512,RXZlbnROb2RlOjU5MTc=,1504,103837,116368-ufc-fight-night,709
221b2a3070c7ce3e,3412,1605,600044733,308447,RXZlbnROb2RlOjU2MTE=,1505,102482,112501-ufc-308,710
3ab0df1ddd5f1dc2,3450,1616,600048961,312593,RXZlbnROb2RlOjU5MTk=,1507,103864,116421-ufc-fight-night,711
585f9ffdb0cd0466,3531,1681,600049123,312680,RXZlbnROb2RlOjU5MjI=,1508,103893,116440-ufc-fight-night,712
daff32bc96d1eabf,3476,1642,600049124,312689,RXZlbnROb2RlOjU5Mjk=,1512,103896,116669-ufc-309,713
e955046551f8c7dd,3549,1695,600048962,313337,RXZlbnROb2RlOjU5Mzg=,1513,104112,116899-ufc-fight-night,714
ad23903ef3af7406,3522,1677,600049125,312143,RXZlbnROb2RlOjU5MzQ=,1516,103714,116766-ufc-310,715
72c9c2eadfc3277e,3544,1701,600049126,313340,RXZlbnROb2RlOjU5Mzk=,1517,104113,116905-ufc-fight-night,716
