bout_id,y_pred
c1356395d6b055d7,0.5089469075891654
ae803440d778a12b,0.29697472916188494
3f7684492c9df05e,0.5510177954538226
8156479490877d08,0.784082802947413
1a81573425c585fb,0.47031527549693825
b60bbec8ec98941b,0.6582784569348668
7685701c382cd49a,0.28160925597247155
8edb831924d69dd9,0.5624212012304393
00720c46f864fe03,0.47598529151463154
5742025a09190829,0.8345786465102282
6eb382e2c51fc4f5,0.36598241023228556
481aef2d2802ec68,0.497016919380949
637f561cd731fb44,0.49318544695461747
3c8eb8ad5e98876f,0.45354145456914347
43682a646b9b956f,0.4091707265383196
a45596cda51a1816,0.20002894890567308
b91756d955e14d2e,0.5014998226957381
f3bb58f485dc2008,0.21813224563307718
48e51d4e7172048e,0.3903548163549969
478221ad98336565,0.6669080620677758
74256b4e8d0b1de6,0.3122821334635049
94cecf4bd29793e1,0.5984345178549039
8c220d4c96895a98,0.6633791240655532
1f9ac1648b8e501e,0.6098207321534043
c4174e22cb22622c,0.593998331646308
ddd9e64d97b095f9,0.28627443102067507
febea68b205f6273,0.7988912863217069
f680e6ebe3bdfe3e,0.5491425124308884
8b8f9485214f9e48,0.7265350114724152
244357514dd89bd6,0.5579238341330708
ced241b99eab5f22,0.7880422720207434
d29750cee389a0b9,0.3480776495378422
c1d86f1e6d41cd03,0.8558247597832159
e59aabdfba9d6c45,0.37179289700236395
1db121859d2fcda8,0.2942709510284336
f00ac5af033f44b4,0.796496110656317
16e28dd989ee1dea,0.527173695147684
a5d24caed8afbeef,0.42100997242515725
ab14dbff9d2ae41a,0.5475422855225051
6db4d7827082d5b9,0.5994540436496056
4804776154430aad,0.46405692976769375
3b536afcc9098925,0.829508081808992
42ad1437a1280294,0.5019494866413365
c79b862be039d9f0,0.6181272065086645
e3ca9462ad0d7685,0.8257384025889872
7ac4b9823b1e139b,0.496260870268019
dfc8c5161ea0ccb5,0.5850944378737524
ebb94e00d6431e7a,0.4856281941868928
12740c6b17779fe9,0.6770235486554457
dc169cc01d675125,0.5783729122071286
76602c3658d70273,0.4144656249877472
24f156a78bd32026,0.3844576499293207
74d4e37b97866514,0.46396352393531787
b47e4f0982938e5b,0.5385132183734224
34524408fb4d6752,0.6540708296113655
58450502a93454c8,0.20147241783253558
794b63b4c1e1e789,0.5218943964822648
eee7f546c126ee8b,0.5123554158994721
88ce808e4e604180,0.44492292698226465
f99ee57f75b20b69,0.36980518519627825
c365a488a8de3c89,0.724114473749967
55f727e00553035d,0.8311115901633618
7ec86f2af631344f,0.4391938276442132
1e5c66d12761d4fe,0.48735993228522695
7e6f91cbf8e93210,0.6617142729445243
00be3852000f8fe9,0.4865353202899599
8b4eeaa048361ba3,0.7444979322402718
e7ad1c3a763c7cae,0.5795548066841014
ddb015ac5c067aa9,0.6991402305698023
b2c1f9bdd5d3073d,0.7450388143310388
23ba0218f9f65e33,0.807780510638694
56c7c59c9bb3b610,0.730823123097087
a68672f66e12a3c2,0.48101985384074986
87a969d51de6e179,0.5674968280633469
ea8eaf881d38713e,0.5682185260415817
2a0d4dd0997bd712,0.7276934197517837
0673d8ab0add7a05,0.34416864499290123
4291b38643547fa7,0.5790228838046589
677e98ae5834ba70,0.7376827173010654
41cef92a01e7ff3c,0.39416108380576675
f24c296256faeff2,0.35754578643792684
b0552b065ca7f401,0.6771203742017617
d764ef3e078c96c8,0.4502942443488673
0459297e86a14981,0.6537392502270367
f63961f9d14bc33d,0.8210526837092912
6ccfbe3a7c5aa55e,0.5509129216573938
7d4e11c2a9485320,0.7275821371082029
cf18911df2052826,0.8449246572350363
319f3fad278368e6,0.7105022317314723
2d6182d1d398ed6a,0.5956801270092393
3905e5dc489811d6,0.3221525108752731
41385f4e63682b5b,0.45131497197674114
8b97cd609c7152b7,0.717736036068589
53c96668bf850809,0.5391935984983723
2310fbcb6fdf3b47,0.8307076820266163
b29ed164b3014a42,0.7638052750959446
14dbcdbe8e7251bf,0.27674313511923065
7188621a628e718d,0.7497817335144763
567cefcaba821205,0.7422140983546822
9882c1dac77c0367,0.485598699305985
6fe9729cee57c680,0.4938074330658002
362a5b3cd4a70330,0.638224271166102
39f746cee66e8771,0.5544982148579547
6e3139f066149a81,0.4326019152698811
16a0352f3e19b931,0.6926832276614615
b166f1582946fbbc,0.7902056911561457
1ed9dbbe604654b9,0.7345953333175725
9c3f3bc7f7472e0c,0.6095756982643117
2c101a0bcf334d31,0.3350141816957732
ac6cb989ccc38f73,0.40486382792243586
9674c37e3a2bc399,0.8071106458403843
2105210529457ffd,0.5257130725480315
78e38f1ad43c3479,0.736910142775029
8cdc9c13d75adb28,0.5129172131462274
79be3a6d483ad64a,0.1754379787280719
923d5041c3b6d763,0.7101700009727643
88e0de323a83f241,0.7405952773256989
36f0c6d7126e09ee,0.30065540267384716
3ad3acca165a5d90,0.8049487176502447
6c9fdcb95393a49c,0.4985678602792688
6b581bb1bc9289ef,0.7534783004403376
823e9449bd47e408,0.5473618114621698
9ed0c3acc436eb56,0.5739169107704113
1b1d1900b4051344,0.21417777031197788
165d3a571fcc5e3c,0.48984279515618045
e4db3b1669d498c3,0.7939047759978795
2dfa31667cee74c3,0.746973286584034
4507354cd97f10e5,0.6977389634537343
dc7ba55ca764cfbe,0.7451817660737953
ad772f626b5dd31d,0.8222286601274952
cd96998e837b0da1,0.5984835749607714
361e67af5f462aea,0.5723340183853268
a71e4206f87ae74c,0.8497026495474023
9072bf6135cad3e0,0.35449508165219484
fc2585e234e49dee,0.32253724805645023
a69a155a25b84679,0.3234055298620367
b6464850da8f3099,0.3193572098206728
205ad947e8c94901,0.26378011791970946
aebdb007f8d1348a,0.5501521304931621
eafda776967c6444,0.62072331364532
f7ae397fefa57c70,0.2430023281571267
3d1f83264d87c529,0.3003178810805046
9a79a4b97a0f1e24,0.31933681494383914
3a4d2a933a3c7291,0.30194735071858375
b53fd8bce62aa1c6,0.6227511375973832
0ad57af26ddc7930,0.4458395781735626
7013a95ea4014606,0.47339154350590806
88c2da7b33cca8d4,0.3341684120661256
7f3bd3b913df61f4,0.4409770648720681
3e5a3ecd2b123fc2,0.7435227559956535
6ec0a046de95fe16,0.4078458400179538
6f836a82a0530884,0.6256965062098234
5934de85b9c53e7c,0.35322154160509844
9298175cb2ad7d41,0.44954413940457605
323fb015ca2444e3,0.6026326971525576
19eed5d9781b47ac,0.799662526862084
00b801e7e1679f2f,0.7682782271764126
a5a065cb6d33ba9e,0.777323647417201
1f49b59e4058568f,0.67987046992377
cf4c2b601c2228aa,0.1406838400770661
b67229e7675eed24,0.4028166203809159
06cd9812e2b9b747,0.5505378966400262
2fef7ac78df0cccc,0.7409096271385964
8fd14eb227688467,0.7652788870225136
1ccde17f48fb709e,0.6694409796002395
0f8b2f7299b5e114,0.6208578971874567
86892d114b204bf3,0.6491436786433991
c62a90c19af6a0e2,0.5374001824151236
8417a20d56fe6776,0.6835018761051715
b2297232b9310ba5,0.4102470342777459
9f114a219523bf7d,0.7681942986001501
573908b71b361312,0.5743597298055261
bcf842992f9accdc,0.2940599542420163
4f07c6724682cd00,0.3162495045042208
d0e5487f55c57ad2,0.6203807618940131
657fd7ab7bdf9f15,0.691004584336126
7c23770c639dcd22,0.7207915496364079
76d6789779d3721c,0.5434576511700696
8028d5de087755dc,0.6855238402447021
5be97c1fa222093d,0.5924393518633809
3636e085c098dbda,0.3157292291507662
4924d7a980f4cde2,0.3675464191396593
ac9e19a4075f6557,0.6089249054762617
dffad417175400ba,0.500399867366255
49694c2d00c581ed,0.6872454696794237
b8c967c742d3c107,0.5903001106114805
30553d630491094a,0.7266637962501226
5ab286735ccee803,0.31748272577972325
e02fca0d258283ce,0.38815644433811514
0b89c88d506da083,0.7573484187807445
19348172178f42ed,0.45177642539502433
02732ebb104793d2,0.7292500550341575
a3e4322f55454897,0.32487265812499544
48f7e64b548806cd,0.44994648626529404
c8f619a71b714ec7,0.5884302647620648
cd54325a9a538837,0.6034469690916272
253e42894852b26a,0.512752932070271
b7ab4cd6ce7a71dd,0.4763285754386693
605c2ad801f594b3,0.6330129534532062
b3bf1b6ad2d1a533,0.7016004188887724
b1f7bc82f7dce1b9,0.7651992068813496
7303ae36077411d9,0.7855069700572653
cfc550960a7ec353,0.5295882113460927
cce5b9dfe84630fa,0.24575248224193774
31c4518a1e71c050,0.33785567207580336
f597d2e69ab7c270,0.7840189950917682
94c7e64ce88c9b9e,0.547268069069122
6afaf0ca45431a11,0.5259963539690968
fdde8777c7ae9769,0.7721473957954188
b6082b551288aa5a,0.42248358813562037
2ec12d4bbc0752db,0.45780460254860667
7094c05bf73eee81,0.7643808736459019
7864fc46de247f58,0.7114594433345168
52e4f12eaeffd142,0.516012433117713
4c1fd940e1619e68,0.8600236106236712
128e818254ebfabe,0.8031799167260105
ff4cef86bef2d0aa,0.5084170249968356
24438a644b975751,0.7688487504239292
da7afd49fefe6a46,0.5319975927149224
296cc69bcc3c1635,0.41162084929816845
3b89556b3f177b7b,0.7247544244881484
6be073563a421bca,0.7216936229238714
ba27835ff05df0c9,0.19158542281867108
d1bee15e60ee6721,0.8218191059112582
2142ff2a46d22741,0.4246014834195515
3f5f6c576046bf77,0.14347142514631875
d97970009fbfca30,0.43217403217668837
c46d51fb87a4f485,0.5921756520251489
e08479759c296bb1,0.6361600672388138
2fed4f1d91767eb1,0.707982469711738
53ee6c3591483193,0.692422339213079
d042d18ad568190a,0.7589373417856395
03aec9073946907f,0.6786051829307246
8b10419db5bffe28,0.2612580389920318
06287b822837a616,0.39053362969727645
4dcd6ff5e32a3779,0.5621454948186883
6a315ef5bf22af29,0.3731208591214114
aa7b1fca60a21f3a,0.49093342378113414
e11e290d816c119b,0.27665879011160627
9dd9affa41eead4c,0.7071931618708782
f9e07282f3444d09,0.3449832372355252
72d703db67371e1d,0.8473992081777239
4838bf4ca76c1c6b,0.5715245488602776
d4eb3614c7734781,0.7624506610623046
23ea24013d15c09c,0.4630785880731255
bed03663bc577f02,0.5980545985109976
0b557aeb2169b59f,0.37512084439821913
7a5baef71925258c,0.32440289423617863
405c0b8d3960016d,0.6745325638855331
56d8cc470841f454,0.37295533561036326
8c2fb17981464d8c,0.14087410007833934
e686df21c24c6c03,0.478487141919382
5cab50839f4a0d94,0.5390831742381259
8375f311e8c6c079,0.7666757740501088
13635ba71963ad0c,0.3303751601556497
0a46cb2887890502,0.301686695865886
80572cac6ab57866,0.565341757915092
b3a304eadb9f7fb4,0.5814513466377326
d361b51952944a26,0.4360821838642516
78e554aa129711ba,0.43791533207781513
d3c78cc516417797,0.272435766689604
60de5efe5b439c8b,0.7532139329602994
5519d7fe2cee8353,0.38826981309099695
935f559ab0521c27,0.5426812259157854
151c597d2e609a4e,0.7050722053644992
7ad85c84025c0db0,0.3409350297455295
603354ffe9cc0755,0.6886717831784424
b6b5ec324449befd,0.7892040461324902
b55605791a4d72b9,0.6039135935542884
c06eaf92bdfde8e6,0.16139053221196953
823797bc6d532b52,0.5532667086825688
fd2c018aade60a14,0.26844179895137066
b90a5b9061ec54a5,0.7724932080601999
569e2c02f7699c0d,0.7732851802248294
344bfe9c1ff511bb,0.6996716652732868
5ebe8d3849273776,0.6203109677943518
4b0aa5c67e69ce74,0.6759927313839792
4d5c3ddc740b89ca,0.5806776198645407
52bae6f01ea9f926,0.6885944472118274
32ad75f6c8ca7e9f,0.424442726347809
b40bed83fc062380,0.8290723916658639
37835a0f9bbb4d4e,0.261031339674261
52db9c816eb99800,0.3414802061926564
a3b7cbdb6d2607f4,0.2841486308144612
6aea6d3e6944999c,0.2006014096429394
676320a61f800f10,0.5832734230599005
54c5284c1b792912,0.7298478032525474
c83487136636e9bf,0.42951499090096595
23e5acd1549b538a,0.3715235672556699
cc2809e10315a6b5,0.6683998149055486
4712708adb1507aa,0.4250679692290712
21f7fc538ea646e8,0.7177709157033854
7a57289563f9d974,0.3182807461388293
f9536ea60551b840,0.33439098272431284
1ed266bed8005bbe,0.38670342233321026
fbce8f52689bce87,0.8147446571829723
6fe21a4cb2d839fd,0.5268970758528752
1aaa1a9ceecd6063,0.5213684056784017
0a444f30cae13d8f,0.7614261930367053
1d166488129030d0,0.5655990667300966
a6fbd8964400dd89,0.6862104676071662
1e3c67921162561d,0.5498730454496663
9a1a57b0abcd4599,0.34652522665197383
71dc4379c738450f,0.5661965255563891
5b8d693bd1780102,0.5951017301297894
01619207a811ef01,0.7069963059464407
e83046dd074ec0fa,0.31624116661626056
11b8d7e801713abc,0.5741060630525295
6f350d91fb07a819,0.6973683973648707
d9375ede2ec2f924,0.5723724982260263
7e9ed49a1831056f,0.3239314549672451
0be6540982a5b0cd,0.7793070465920625
147d2ab0230af48d,0.7962142236209286
c381ad2c0bf34dd9,0.5859263158703903
3d76ed7e224e9c99,0.422362573282473
a88a4c126d585320,0.7818084489082436
c4ecf4b894ccbced,0.7174635044566432
1bf1a6fc9c9acc26,0.8508846082939785
3b1453df439a5024,0.6175499790126212
d85c76a61a820be9,0.43534464844936327
f767243bb48ab9d7,0.8456061620770811
51e684bfce8d94aa,0.32729534502132357
b9726184624ac076,0.8233922185074388
0990ac7065412e76,0.45648222975229885
f91709b071e8295a,0.33922137574004707
889207e3c622a5aa,0.5463908010823662
5cf56c22cbc24758,0.7673796943982155
5f617d6c19d3a281,0.3740527836895878
9f96d11017f9c824,0.7890446796863767
8238f9d2fd961757,0.5006067078462864
4fcbee643660d679,0.6391424247889618
ce4314886c57718b,0.5225420753814516
b8648b32caf36c5a,0.9209371629942337
04a1c5b7993fe4d5,0.4634360332438697
f23e2bed86b62462,0.688258894707158
d571486369996a39,0.2851788463650133
27901ef9e82d5690,0.5076833536471347
3a94bf34e62ae5fd,0.6078847650455415
1fd5bf36c42ff1a2,0.43386631573720075
fa77134e0d90da3b,0.4950662373379194
59b384dcc3ab49b2,0.660000423842085
eb0f7127f22457e9,0.39773342854422095
bc767f1eb6176dfb,0.7242472505569962
a0ec4eac058e6050,0.36235253347153373
0da43c3ec0e11650,0.3705690779760352
ee1c1e9037fee21e,0.4027649054999849
420dd305cd1d062f,0.2812423252920119
194d3950076b2f83,0.27231495701572206
58286d3126cc5263,0.4225176372417638
e8f2902be7b350ad,0.5031886152220993
f8fce67abe0ab922,0.48031320646716585
f3a60ca18747aeac,0.732563222709407
6cb9bc7c86ae43b9,0.3564460091967124
b6e086dd8093355d,0.7735981550024131
0d7dc1ed5eb995e4,0.5169499768495425
3112430100d2d0be,0.7617753341171052
cd67f6ddb2920193,0.3013837736841256
9444cfe0c7c0f6a7,0.46882265910173687
5edd1cd479f3919e,0.2904321113562071
6f981a44898fb4ff,0.5050719841255954
07f234a488661125,0.6500115019888766
aeac1209f15157ed,0.7495936387468249
6ae96d1de3bb0506,0.6477501446195464
f73dfeb48b09e6a6,0.4403020890807152
8f7a73d05387b159,0.5177557526609348
0f2611c3ec4661dd,0.40244616825234253
bf8f747e57d6d1c7,0.7560980565103296
093ebd3375591101,0.3614929839177992
e22a887ce4ab30eb,0.6504772330918331
424a20da52b4f956,0.8114002377480588
9c79433a4686f3fc,0.4961017974760273
519dcb290e6db845,0.49125532572190395
84f236d6c57d7cfb,0.8199813036605579
12a64dfb8147566b,0.3929974106113232
c6c975ca66a7f91a,0.3118483402741755
6c2f05c47f494e15,0.5320810005721462
c73b81e7c1c1cccc,0.5157334776774156
bfb7d17161aec938,0.7676899200356437
efe055854f19a1d7,0.6410092689011345
2361b51aa72e5551,0.6277275658706999
fe9ee00fa47dd7b3,0.654358764106928
288c942b0ad152a6,0.3571667661426515
e84fa12d87993ec5,0.6202662207720203
848e7af760788418,0.7368028447952812
5f19b0135414b454,0.6457115972244682
e835e9a4564db497,0.6235002746459776
8803935990adafc1,0.4947349423986997
bab65d16fa74fc5b,0.6008439829474698
6c5f7f98ec0b6f17,0.8298348977063107
95edc0b6438f2592,0.6234866513227209
eab7b76e177e1903,0.6823611783809547
4210f9b11debf1fc,0.8649327328804505
bd1e01de1f24962b,0.6025027068211347
47fc0736929125bd,0.7533565735268329
418a7100e490e791,0.6297175118507861
01c9acf719298187,0.43923598710189027
15aee8ad5d9e9d58,0.5542658679080082
5164f1c4103616fd,0.2510478021712938
b8b9a8e504d51ba5,0.5879593925951783
e18a8b333529cc09,0.29577253244293145
bfae2fb50efbdb0f,0.5472270852648478
d2b5ce5548b71668,0.791604344638564
a22add1024153ddb,0.5758255644314823
dbed6292db8b0212,0.3726259601061019
ef86720364837f68,0.6428165082093877
0f88658e787815c8,0.2852496840783298
6dd0874dec826397,0.5002982981597853
62aab95c866a9c5b,0.3354924931036448
bef2a2e68fb4dfa8,0.7104481445747292
6d8ce1abde550bc6,0.6632988537602836
dbb0ca0198ac514a,0.3982574345478246
5f1a828f8d4c3b01,0.5523672046066729
53d6a7634c7fc036,0.40141126014626693
014f7dc96c90c199,0.4436150228385615
25da6035f591c245,0.5577783005092388
6b325792b8fb1f46,0.5481966592327345
5ea39e0fc3b64e83,0.6267053783114979
3dcb1a7b081afbe1,0.3796817028483978
c8fdd3f7178fbfa4,0.3847562665092374
7072a324a82c4297,0.3832635026179456
b152646345037056,0.6883258722418165
d86e31793564cd31,0.5077501600387438
866b2c2e354aa27b,0.5537507028893023
e6fdf9e67f84a0e0,0.3224680827396147
53febf2fb416f9de,0.6235253568090965
79c22394d9c2144d,0.6347324764321687
49b47b5b5f15c7c0,0.5448276753428292
df0d4130944776d9,0.7333740096691295
47c140debc977214,0.6563256324114765
db8887f2085f7971,0.6262296224576749
1290d7eb0fefd3f3,0.32879764863791094
47f42aa7cf851a29,0.21335280046599003
f71d46f804307bd2,0.7661451141973231
8b1dc96a00a8e881,0.19263251711487933
20b5de395c0f1375,0.5758783040804569
9dcf8ce308eaa050,0.4034912992487957
52565f62fb3822db,0.528731901413489
f6efb09c01e4cac6,0.5792465872648338
cd117bfce747184f,0.5157340803034695
19fc916df1f0e6ff,0.8451438350143866
a25633b1494f1360,0.24561046748776713
194d73490eb731c6,0.5493125945180135
9cb4196446f3ce79,0.6058932356788599
b7c7707ccea492c7,0.7099769133910924
f43f9861e73739c8,0.6005610707117004
921a8db065cd8cc5,0.7531561684222955
69b147aaaafeb47d,0.5983176743341205
d3f5854d16fc31f9,0.4753105015430573
e82d734674ce4d46,0.4306995912791682
5e2f2f5d9a756de9,0.6693289561103077
8f9b16f170dbdbb6,0.5609082328544898
140e810f952714ea,0.6754722319088866
32990cbf8976d94b,0.25353179837134926
7fd0f7b3866b2c75,0.40456467379674355
64756e0f4b305da8,0.16322672585480122
319b09306094259b,0.19165148497082535
eb6f80ccaf2a3dbc,0.5096489633261323
5a09fd7cb3db9705,0.7056936577485254
26582aa0b79d2f20,0.2728068244645946
d5176b45df32f67e,0.3171015849242031
ab6cd718c5459eeb,0.277979688456737
bb7408d59b7279f7,0.41056484655351044
c5c5f678558a0ba2,0.44962273738794734
484c48d3723e72cd,0.5967379184914836
bb4755924dfafaea,0.36050028607269335
28c70663b99560a8,0.38599648301188944
363b72bf7f75091c,0.32522645958624646
4d549f33c0711a7a,0.5164942488670999
760b90b0805e0fbf,0.527862744353501
674f3fa16e717ff1,0.5381853624139226
247f9e56965a1c07,0.4923573110208336
bd97a96ac8203457,0.5608568985364176
9589b41c4637b057,0.6480476090286371
2817a6f9e09eb15f,0.5721339411516964
148c26038e80465b,0.5458782071908925
c9e4aa12aaa7309e,0.23573936772274562
55bd050afe169b34,0.6660769724426244
d3f26e0fbf694375,0.6901109468390347
7a3947a0e7bc3558,0.5345761016696778
9bd9a8127b55fbf7,0.7603007701278766
fccedc456048216b,0.7323114039411194
67018331e90a9949,0.21743610693395493
b25eacaca1499e30,0.40008736661829203
c3939438ae7934df,0.3115308359227355
a3dd2249d046cf9d,0.5217885308566247
786296db3c4749f1,0.7493611270302667
543de77637ad2a20,0.6583799868354507
110a49a43aafe044,0.3326384129411295
afb0d61f22e85d90,0.6501132788523662
e8190df7465ba2df,0.47888876977262174
3ce7f58911773a56,0.666273838572386
4f16ef3e707447a0,0.42541339746169704
8784ae31153178cd,0.6479716445064069
e0e19f79019d63d2,0.4726449481228562
62389e8fb68f93a4,0.35040570206407157
62f564662f33692d,0.5115898605988239
09ab925c4cfe0cc5,0.35383543142564194
3249bbbb7ce837ef,0.7426768186159117
95f37dc43e808ebf,0.5606189558994472
e54c16d867875738,0.17203331398436536
11c851a73ffb55ba,0.8280950595658202
77be83973766e104,0.5468076255470794
ef2c7bfced561374,0.3144944556455422
6b47093b62155478,0.605425062503425
bd1fc4ff619f4e61,0.4011469032917675
8e971c1ec4b981cc,0.7621517350678696
866729ea2ceddb25,0.67846180922846
65223fa6055df489,0.7379556683260958
c8a9d3917d77ede2,0.678779807884988
520f6379fefd8fda,0.17415588773631627
f2ca358ea9bec156,0.8006837171084618
de32c5a78aaf89e9,0.5209678004671419
5362ea7c63432cf9,0.4475100988879194
047d6739aa1d5c1e,0.6867110926469626
67e1ec8ee2db3423,0.8073466917515694
5e3779f7c1c39679,0.5176395917604147
3e0090669d51415f,0.8121027615751432
62fecd327391557e,0.2578392010868877
3b701c0a0525341b,0.8117524033528027
7fe1486a2c33bf91,0.4334833445299773
aa91cb7567d6c48a,0.3134348896474555
48a9d2a3967d13a4,0.4784676663502952
d6f6ac29008509db,0.43868570672466406
9399c772adc7bcab,0.21834381177756662
e40a5bd62ce710ac,0.422899869941702
294a9e9780afa789,0.4882998220371577
7658965c2a700b39,0.6755452016468673
6caf9ebf42ddae2e,0.7211138622375787
e65ffb177a2c7669,0.5897592703592529
f3bebb48771a414a,0.6445436671350652
82342dc6be82778b,0.6686715377453065
b2625001e0b89369,0.8757898299941008
b66ac52bfb217761,0.5486301633136917
6455d9c54d99b851,0.869972247383289
1687e2cd061b7aec,0.8540047911491401
f56c6646b54c0662,0.7634764505017221
ba33d0868b25483b,0.8217283263518722
a7e8416f0d57c8e0,0.334960574082017
880f2bb0a639a5a0,0.42661598328842726
eebb4dde70a67369,0.6882493009233466
c5479f20e4db357d,0.4742661634617555
b509c337d181c567,0.7407817553855413
3d9398386c84109b,0.6928168009245766
ba766bd03090dab9,0.6900506166378088
1669773acd404217,0.7694556628840405
a409a5381f082e8f,0.7911523173702927
7cdda45e7d52bf40,0.6426025154908006
68ba4aca75b02496,0.5894620076099794
9bc042a700d9a531,0.3889085797956063
c835ccffa472970e,0.4576792653049527
8f5482992dad74d2,0.6818657738686714
397ace87deeb8697,0.4365691687312504
3c5442bb62ca1505,0.28234298880647496
8f6dda53ea3b09c7,0.7591927824190325
3eea92e7f26fb05b,0.7211698302433165
53bb7c4a606d60c0,0.5630561921450299
4f42acd810ed5173,0.6396400166130054
3d7ea6012fd8f786,0.17676664423248414
6fd7f6f1deaef4e8,0.5428431816382524
8a08b8043f83d245,0.6367883259657657
53d6e37063f9c404,0.7387719689490417
a9a770bac1261af9,0.8124653298828473
e202f273220aa533,0.7883631444370519
96b59d89ecac66d0,0.6404347887224262
33116969380185a9,0.6351434934207525
3729ff914eaede07,0.7368217068477383
df9aa51f6ccdfe02,0.362308246921682
b8b2cdf962cc65a0,0.8477764643271598
41be95916aef568f,0.7954676166476279
78bb2b441917848c,0.7700500084053798
e4e1d12441b90866,0.4292354482968896
7aede55e4e47c698,0.6432566264313309
b4ec3e067604f90a,0.7914335274871693
c037cdc1de53de8e,0.6747380324021577
e9700d51ec2b940b,0.888025539436209
38abefbf24624a35,0.6697337523154779
3210723fbb018fa7,0.4757466082705264
933cf2674503c63d,0.7941109543042449
2c84f2cb1bb23ab8,0.2681835511845595
46cfd4aaa02ce202,0.2531236179655023
0ccd16201ac41ef8,0.5146108989847207
85f85003fadf7a7b,0.7460787512679059
961f434fe238f40e,0.6913480228517352
410aca28fda60f76,0.5326317422962438
b9a3b520e68f8142,0.32288631889612446
f9ab603b763998f7,0.691504930339281
7e695ad026b2ec66,0.3661614633231156
02731f017c838ad4,0.7781428963631706
438fbdd4cf27e324,0.5678211442592028
9e1853861f58191f,0.6243428418393112
21992c366d3b4602,0.544075588693839
12e12307414dafc6,0.7638822738624835
c7df07266a9597d9,0.6947964803581951
1785c7fb722d3007,0.47992442381584777
aa7d691fc6385acb,0.7381013468493689
0d077813b6164fe1,0.23525589750251322
69279781a89c893e,0.19538524406353516
94dcbc64641cbb6e,0.57846763781944
fa9ec0b8c4b3a84a,0.4851027328716919
73a299d44d2ef5cd,0.2957676599983275
60cc0ac9ace28324,0.6387213356371396
70feb2bfc12b97d4,0.37396352447693826
20063242f6e40d31,0.22544974819367508
b6bd31215bd7ec1f,0.433361918378019
19d1ae54681bc722,0.1904874550867594
e909e34cdee01831,0.7328355821917534
41feee2c08af2235,0.7748228747570992
7d679c16024f6f38,0.5621177250769849
1fa8537d3992a09a,0.53384178399275
37a7dc68f3a0e65d,0.35609969217259013
e0e22d7bc5a293e8,0.8002001296625938
3a42dd84680f444b,0.47229010396627474
4e55251b7a0df0c2,0.6581445111714268
05f1e8ff81dbe05b,0.6547543403933012
bf41783b9446891e,0.3018847999255548
986f0b480389ad25,0.37020882905028735
92fd2127f46b0cb7,0.6504464653763401
b69d3d55c84f5dd6,0.2676290963699046
f3e289f1423c0e6f,0.34645514343549094
4da4c5ef6a4ffc5b,0.6470098952806966
920b6f739a36e721,0.4403427082004678
b9c82dfde8b66e37,0.7565823983866401
8ce926b4d38a55a0,0.29196658971414996
3f5a623cf360c494,0.605048509444621
61bf6748cf85eb84,0.7147830226139261
bd7a8c6c74655afc,0.25706889734835414
498e7b0800af226c,0.237612272411163
819af4bbad55324d,0.33716974442136394
a5ea53104392fa9f,0.584690204153747
9ee818e10dcf3b45,0.5511464207045814
1ca41d3b11d88b36,0.37728424456303505
ceaae1db8ccde29c,0.7667939204368098
2cc1fe3570999428,0.4413295887908715
2ea1f463620bcd3d,0.6110183872169003
3dd0951b8855137d,0.6653158170132637
5d1f24e034772338,0.40655375592819115
4738cd4cd8d33eeb,0.6776965380656924
0261adcfc6e49150,0.8543997572533829
85511ab7fd9ed061,0.3991828345032453
9192053a3884aadf,0.5159549654930912
59097097bc09cdef,0.26108228817308876
44cfd4330eb6e2bf,0.8034556298040452
85036b967403cdab,0.41014072723391026
ce246b336b6bd638,0.6645259283520695
300f1489174a3ece,0.3831112392535499
4e8b2357fea211e9,0.4139689934341397
8e43d61ca6f2d904,0.34326958442338157
b247a1900cfae052,0.2494197211103717
49f7186e1e3cf6c8,0.789087080969205
5ff8463edf8155c0,0.7903136202078778
e4862c4f20117cb8,0.6795963583897845
069e3e704cbf6337,0.457845167100643
4eb91cfc892a108e,0.8697643488875546
7fec3b1ec923ad24,0.361746760267393
f96f719ad667dd96,0.6946140002638583
0d698108c5f5d1d6,0.3200772376987574
58e21d505c082a9e,0.5921288621725548
0a4247ba4ae1cca5,0.4813847944857781
1521f94cafdfd783,0.7967036904461889
a212e4c197983ad1,0.38843806565365685
01983cba42704c49,0.294747071545032
9af62d6e404c1002,0.6013941699489949
18d6df67968bf06b,0.5776843248739357
c827f5212a34bf2e,0.23042051209261202
fd438db3e60f062a,0.5699852723466056
244aa8f002274344,0.14511519078265483
34c649f3f43a919b,0.33521388737587327
4de28817db9fc9d8,0.41228119697366356
cb010b41cd20a1ed,0.47314457039402164
7a26c9407ef64e10,0.6340927777284586
e3826e06d68ed4af,0.11818496319359933
3744d4cdaa6b242b,0.6530149602190478
7adaf85915993137,0.3688744280677093
bac3ac8d7330d05d,0.19679560812795385
39fa341fb9161d6f,0.580672939846732
851645c373f50e16,0.6004140930010292
5b9f545890407976,0.9289800821219454
6c9bf1d285cf5dd4,0.7439121196153005
583f2c3cd0e2385b,0.774681532623672
858696528ab7035a,0.5356068575261299
51808d929c84b8ae,0.7478765622022571
aaad7e29825b3264,0.35141071062370316
9cfad21ef1911728,0.6824138477506808
4b1606ab1893c242,0.5026274256645041
aeb0322f619213b1,0.597520150821953
710c7f8c7dc2af46,0.6633251016379075
1b1792afe4457e83,0.46424428158786996
bcef35d6e0964f01,0.37682471457674616
44ab00737c3fb890,0.36478633069806843
8cc4c597aecbfef5,0.8155691864099996
437c6e18f41287f1,0.7908385281990902
8a8190f3f71408a4,0.46795696392570935
40687c9412e0c279,0.8444191721221023
826fb989c0e6208e,0.25852519036565547
e068f14acd47ed69,0.6632143856193985
c6dd17ab89437805,0.7326242978887239
971b3d35c302cf8f,0.7277404031947803
721b23d896a44e2e,0.6410486459003991
3812b265afd78186,0.6350171408824146
eb096b0196a7ff65,0.3997871842716711
ced0e31df74f27d6,0.685915636179135
9532ebf4d9405e65,0.8267808096062327
56ae02578b1163ee,0.7553023220363215
3db15d45e8490c22,0.6887272004731642
7dc3ada8f2135477,0.7290288389928747
6173056f0e080ca6,0.5408457126629526
b7ff74563d034519,0.15186557048303762
818b55b087013e64,0.7622227248759444
5c70b175f08ca141,0.4918530326908502
a0163cdde4ec785d,0.3753260462432939
b309cdde35310875,0.6037222748819817
8da5849a6e7307bf,0.8610893783163169
23fd92555246d61e,0.32694783959563206
c6b040021b4ceb0f,0.3904683099861313
31b283a5559ad44d,0.5127323347450474
d22c19fd92426567,0.47470845098096853
7dc87736c304b3dd,0.6085275296263001
e0d92694d8a2d38b,0.6177527228603863
9bfda7c26578aaac,0.3317911215091851
87126427cfcaee52,0.7049039953182051
56f984ac83fb34cc,0.3581487306092811
0bc7e4852f75a06d,0.6879187435875138
23ba354e606df0ac,0.658859025264351
2a2b00e9bfd089cc,0.7755214768496591
470a3c1b89504258,0.726277405140337
7c13de66ce543d84,0.6601509096325595
3b6c18a966a2cea4,0.5657124628975513
3256d907f58af95e,0.5263801224002889
bcb697c4317f0997,0.46929510238668676
bda97d9a44a89d52,0.19882798730109652
3286d8406eff5c85,0.6339952969391814
c68e57c19c82d500,0.8295134127508653
f0ca713121289d24,0.45295008879338355
0bc354fbb6e99ab6,0.5295717688393893
a3731057c8775716,0.2024306047064187
c936527df280b8b4,0.6796379693329331
e6b2d6d33968c66c,0.3545853807750972
feaf740e3ae53b7c,0.3559792607005019
ad59540382d5b7f6,0.5226991418984143
73eff675e2aae30c,0.663301725322651
0febad4c4a3d69fc,0.17964107250144667
2b038a467a89c73c,0.6348186683379532
017c090e9e8d2957,0.6384246738381479
413a4c217ee0193f,0.2628094949322851
3d941525f5c623e3,0.37571556706795056
7b53967f282a0d0a,0.44851159274866403
a08dffad240dc3d4,0.8038175059201673
115fa6f5f3e51bbb,0.8018961490550964
35f80e003d16a439,0.4237507371848937
f27e8d63f526d326,0.6960251941801203
476a6245b43f3119,0.5424508008452587
5782666ca117fa5b,0.7943423034399029
9fb9af6599d67b1d,0.7193185589317719
d401522de73b7bee,0.29638302532217625
a072481f307dc8aa,0.6859173337590752
fedb6a1b15b05694,0.5103727146738005
e1bd72aba46f46a1,0.4937353407977273
a5acaa5f693529dd,0.6622350742920059
2ca4a039c07acd38,0.2531226280387676
138c8807fef52564,0.2283520461133401
4f9939af9a1d40a3,0.7845112567997117
a255ed658a2ac9bb,0.672133495381749
bf2a9732af50c84c,0.5627799460848467
17753b728e5404aa,0.6623212119787956
cd2ceb5530529c9f,0.8444736587488781
fe0c844a671dd6d8,0.22086009328286887
323dc938d93a849b,0.6108575251819637
cf4199c8517bc1fd,0.5987485318481776
e4559c3cce6edec1,0.41229660656274847
ab4862ea4cbd0750,0.16111417301755648
f047e3605f8852d8,0.5523936442007796
b1da312483a974b3,0.7078253808579785
8f1b727757a60c07,0.612234412976258
4096b302747d47b3,0.5902555667699053
aec1339028f3416c,0.7571569992351532
9ba051e0f5674108,0.4658257366692872
3f8c6e31ebbe54bc,0.7561630247134561
c0982b3919cc74f0,0.7853414258143486
c770192a9f3261cd,0.7741830772963704
966bf043577f8b6a,0.7796047880586784
2b01da1699f0305f,0.8580446386120305
5fcf65d4de66c970,0.504016141012812
2418af6da44fd361,0.41263668748824867
4e71dbef18157288,0.7173115100681698
f6a03399c7a721cd,0.8544603272479419
e9f00c16810e0e61,0.8422725947895687
00f4b6184f6315d0,0.21185673134865107
c48af5eafb532d0a,0.1396318379401332
feaffeb1af7e82ef,0.12624629837269888
531d9676d767da66,0.4518701376132063
70af72a72b31fe4d,0.5111634092235587
8fcdfee81cc604e3,0.806207638642999
358468724d7d4322,0.5054155799268573
ad63c30e22e63344,0.5410651298197883
37a8c442fb38db75,0.5114162971031553
b436dda934059631,0.6475365957931534
9b0de83b4e504bf6,0.7350522167253869
138cb102906573f2,0.2542281431421718
75b1533cc3cafae9,0.1873403435294747
24bcade0007c2246,0.5447972089196931
f711b3ec6bc3c407,0.40931003433747815
96d33e46267d4eaf,0.5975563324244325
f065dc596a08a258,0.39093844600893146
c92308bbd6107b11,0.6346276422534491
9d6b46a3cf5ec494,0.44363117566991017
88b1d4f951070f83,0.44904899982645535
15ce105716441c54,0.28533848453053623
816662e622987a14,0.3308574860935014
d47fd8fc3886f86c,0.5242739672906466
bc1787883f9328be,0.5398872124584467
25c4013fc187762a,0.7171730795851822
dbca9f6bb7290c0d,0.31386561119087314
7ed98f8d1ffae082,0.1549296264535665
e186bd5e556f1b5e,0.670998080084064
c4704eab5e2f51b8,0.8275150565844138
60162c95d921d1ae,0.6352342453008774
f4bd11655adeb078,0.6496519680598891
cd6b799ec79c489a,0.4587297916386323
1d9f862a47540785,0.6394172325039242
dc49373c52eedaa3,0.6757134477690399
dbbd17b6995f014b,0.22429895670732336
e96d929f8207a3e0,0.6761525547995958
e139628170777bef,0.7914513739124929
4c489b3c9d14cbc9,0.45857472246990116
cb4dd24535ef2d94,0.6514342549942176
1019f2a9c012e949,0.6456946725623893
4dd3035430a5ed43,0.81211259329253
f7cce33f6563dd72,0.6033181216742044
7feadf01c5920285,0.7544278588952015
445d0d44091b902a,0.6961796124374524
29de6ddc42a2e674,0.47954484813510484
25e1d17d072227c6,0.5137325466041832
fba7d6a42f137938,0.23893670126284003
2eb56023c4a54504,0.37416197333044865
ea43a5fe4ff9a3c4,0.2618490750243727
3e16a71836e85212,0.6399787965400945
f2ce79565c0820dd,0.4610433902550491
6921344f8e706d0f,0.6059851829393506
060dfbc982c6c4ef,0.8488197714348422
09b91014bd88f815,0.42337187111069524
676561d9690ce31d,0.8385061593928271
b07188063c49b755,0.8437627376694407
55480808b1fa1f9c,0.3090025659884899
9a46f95c1c1e57f0,0.5039749134454184
43496ff308e681a0,0.4855734995320032
18aff757c54687f1,0.8226236564214806
8accd04438b91262,0.7471744564648513
066756ea40b134a7,0.8395662928708248
849eb47d349f3fe4,0.7124322016704198
357a34207d70da69,0.5755324980930704
01a4827b3596d111,0.7633449041360075
acf658afda38d8af,0.1272114213699308
241687ff5fe92331,0.7630479575377578
462a95890423d3c6,0.5566625979094891
9d3a38cc18807e10,0.6126020213802673
92b98afec5eb4e05,0.3676344944003739
ece3a7a9e930ef9d,0.39259959002795103
8ae79d7967681db8,0.5514256092985247
36d90f1812f0d432,0.35983019294114665
490724f8b3658f67,0.26260931145037286
4f7ec66199bba232,0.870066660051474
8cf6b22995c9efb8,0.4694724527389043
ad878cdd4fa36a3a,0.5999304109631459
953c89aa931082e4,0.2608678472643303
49b2a6a93d529981,0.6935457498585808
62acea88e628c3ca,0.7088132691061422
951968aa52a84928,0.5285199447731445
18d84b333b28de36,0.2998575153071027
9fa3623172adb4cd,0.5481109327449377
9c7b6a20f35fb708,0.41570286340766827
b6dad3a9bf911bfd,0.7865620386107154
b44531903be4729a,0.5887688277073265
7410ac7e4e5acb74,0.4820259728464492
476c31184332698e,0.780017588301934
1cb7138b107b93b5,0.6648942661723483
fd0fd9a2d6ef8c4f,0.397804653330456
8cd7ca0e7b861b3d,0.8188916114569383
0697d5520b74a8df,0.42844197580608545
2556b7520536ce1d,0.5046103367377982
bac178dea57bd545,0.7562315020740547
70f01e9ff0b4e519,0.7258881043208768
18dde81d45ac2232,0.6627931038519388
c5b8a996eff18540,0.43084724736463026
6a0217099efee13f,0.7329643701039097
25548d526c3a7587,0.5546871425392359
834f67e96612cd6f,0.6842927705178854
bed2710e06dabe6a,0.28828770786037455
f3169b755afcdc5b,0.601809478762941
707ba52845d399c9,0.2444005442884424
38d6c2538ce6ec4c,0.41653121776464147
076c98ac0561521f,0.3195767602611046
93f3e9b9f093ad57,0.6370068362284322
d2dc6fb05ad78d80,0.6983495911457661
0d1d7cfb2a48d5ec,0.5515382847787297
3d9aeef58dd0b51b,0.3744601761594069
cc477d322638ba30,0.1635986867075352
a4527094aa107b55,0.4020649061159473
1c91deb42b991d18,0.3247623734007468
89266a872e1f92d9,0.6531862271222246
b2d05ae88f820421,0.25588527106963277
3162ae3ccbf785ac,0.6502167818688475
241a0833e1c76804,0.4694006752804777
d7cbe2f23d75afd1,0.47818489353156834
a6c29d2cb319d923,0.4280659948871817
83f7c3b91a402306,0.3726162278533463
a3e8ef1ce72a7d02,0.31497234986086753
216fddf542707629,0.624029321913294
a2af14e9dba37b03,0.5140242966404365
d5955b81c26230ff,0.5380193987264827
f870cacadb058733,0.49430894725205077
28deed0ab55ca350,0.4875184068177515
7c40aa2cb6883a91,0.5687029105513142
ac0a63ad13897564,0.732438546005843
f0418c2c989a5cde,0.5825427751276864
a7807ab56cb49cad,0.19661533944937254
c8dfcbee63266273,0.7292705683074422
343749a2f7c5d78b,0.8043222907816764
1317d7cd79495a0e,0.5644658865841686
408fc024d3e91b0e,0.7254299316519667
071a1cd551b7b4d5,0.7387476878747451
3cd1f2c31b4e325a,0.5601728855761994
c3bb60dc82345a9f,0.8390066661507756
80ce8f7d988d5e57,0.6244306437908954
e6a0f19af995c432,0.6091335530530902
22307b580e0c8d0d,0.5425438046853809
094790e50afae55e,0.7614694974910889
aa232e53d285cc6d,0.31670605709605715
9e1ecdb9a8856a8c,0.5694749881822715
7afe2a15ae7359e9,0.7647242456743141
c63edd25d2201a46,0.6004216820451176
c04274c8caa505dd,0.6271450456967238
81af3b60203d92df,0.8015417596368881
fa3f04be9344804b,0.5354605608319309
57d04160f5438654,0.2816403072962445
b9ff9ebe19ae6358,0.5567136912761901
b87863a2de433824,0.29818573047641256
bbc8e8a69e9bd106,0.49141664815773217
e91f289f1b9f9519,0.487736939670661
1881b1e85cceee13,0.3414210848609492
98dd88d83f57c17a,0.7359233853965742
dd88960598219eba,0.5453387141059428
ad5ef8d8678ff97f,0.7309192458130593
a0c82ba11a373008,0.8473046635558145
b5ec939fd1edf048,0.6612785468043657
efc40ec41114d8fa,0.7848877056603413
82177c0f91d9618a,0.6749801592581594
15aa55a91cf848cf,0.638836843364857
75523d31940c9344,0.5261406744329568
5a5a65d8df176506,0.6452160804163434
6ea23c2c30f85a89,0.7433739790363498
3637e661b6854b49,0.7708352605364005
f93f794247af708a,0.7102850101996612
b3bd27affa038e9c,0.6669127637561933
47e49e04e32be7e9,0.5840490081432327
997ab1ea9fab5643,0.835423729391077
2b8cae68963a40a9,0.3855346458744038
06f37329b223b451,0.5296328689974736
63dd38f0dcc2ee88,0.30546105080274527
ff467a5f06a91a0f,0.47445672507940434
5868c154789648f0,0.4142872953636914
32a8f38bd1d46e3e,0.26567279421565576
702759500d47a059,0.3463415072424054
eed6c9aff2234b7a,0.7826920109245202
737e2781e4a7db5c,0.8716155213568602
ed94cdc0f2b97e15,0.7424324497291619
3fd3b871e83434c5,0.7972876133745502
7dcd5d8a44a284e5,0.34210724773337176
2ef54419defb2364,0.6386278065585458
037d2f426c916ffc,0.8598704534915835
326b843cb2b7fd94,0.40201006210308504
5ab2a4fec735e0b2,0.5953739801701206
d3f44fedc561d2d5,0.7284505549304464
11f7bac5037a184c,0.6393382617577481
cefb47bcc04f540e,0.6675666117832685
be822403f364fff3,0.6023735253937407
57961c6adebfb13d,0.6013029914645345
fae99a4089f8abb0,0.8211260835252455
8725dc88f2e0a6f3,0.34878902237243514
51218519be104794,0.37946607379138597
94c0819fde11364d,0.7980493801789701
f3e2038bfb9b5d9d,0.3649867214969118
08426f06239d903c,0.21296823645571
eab100e978c730c5,0.5450362433311412
b41e3be867afd6fa,0.582399558216007
a02ffaf1fe462d28,0.21803621330932121
801b3f24c670f19a,0.7501438286919465
ecc23234e820458d,0.8318150339761285
03c2707563915d7d,0.3728425628735577
3bd20b66b585d621,0.772318794113508
f882cf76a8bce308,0.556251093274453
6d48f75153e4ad6b,0.602306672911055
9bc18b63b07bb328,0.4265212122756493
2b417eb1ffa56ac1,0.46762041115179065
5fceb95c29d929bc,0.4883898710185539
533d0b5c0adfa15f,0.36247458798657767
e30b9829e42aa4ca,0.2635701166518462
d9a218ac3e148541,0.5355656303696975
f5b49f4c5a27e53b,0.2665391951638758
e8219ea7da46f67f,0.5899514188912632
467e08195b29e857,0.7247074498853479
d671f436fab2a252,0.4300276973008796
a70c43cafabc73c3,0.821307405340516
60c441c5838dfac2,0.626674514628203
cd258394e8d58d04,0.7866701957716491
4d607b6ddc77a34c,0.6206029026932554
d66a8591af39ca7b,0.38377914716505673
891470d896b1de5a,0.5830888722110322
b46f2f007b622bce,0.8215155515201659
e2503ed6a1f9257d,0.4375544033200263
9fc6aba53508dc48,0.6782845678168585
b3c74554c871fbf8,0.5350866950159595
dc45c8d70e256749,0.5652375788630312
5bba49d88db7430f,0.6783969249669064
c26a3f4c08333886,0.7833492323302715
5cee1d8f1e43d6f5,0.292442093881989
e0b323dae5bf4c90,0.6469054070134708
b70dfff154b135bf,0.8156559371091144
08244974cf39ae38,0.7769048441422745
3f810c3433dddb80,0.7250070620173091
593f3b051aa82b0f,0.3153958371002396
b9abcce29378e5cc,0.5369708325572331
f0d4652f8edfbe6d,0.7736835830094694
02f5621f480ad1d4,0.37010399157056234
fcfaa28ed6888088,0.7002572273018699
4e77cc2c8d604241,0.7893286946528844
d395828f5cb045a5,0.629635831762616
3ce634d03af7e14c,0.7791735229169893
918103d82ecbed75,0.4619775535333141
87f58feac6b50367,0.4710911868636243
3094e82731ec55e7,0.5866650534676822
46c050a827ee83d6,0.4006305368226876
394ae51820bedd4c,0.4042586829259856
8539c4b795d33a92,0.6877343614421858
f039c93516e48253,0.2809256437548405
51461da4ba467901,0.502174425605637
adac148ee6fa3bf7,0.2631895046602548
81f2f2d4b0302590,0.7459026277572657
821a1c6f5d7fab14,0.5004505593244291
58540b24ed77d31b,0.6389254205723434
ce0748519d5ea5c6,0.27010333291060146
2300ad7f87080ad7,0.6073739327922036
57dec2b07b75dada,0.38756768441309397
0fcf42b68f2f0fa3,0.5746224949246214
03e5127d4832750c,0.8298390070346872
1e9a2b197ebff074,0.6942073623465459
a6743d41b0b95271,0.4626717257319261
e9eab0fa03eecd9b,0.4675943395902695
20ba608a6e717f05,0.2625119194540769
5fdf6611815efdfb,0.6979490826214577
de4c4997f1429dd1,0.3636831348445006
1c7ea3928c7d0ad8,0.4994989409658128
c6ca435e24c5f4e4,0.7412098348756809
6fe8bce03a46350b,0.633142011836826
f2cd665eab69876a,0.3228205477715901
58584ccd0f63e3f3,0.17528203880179874
8bede5047e97d602,0.49128797680290004
c03b6b6ce5d03276,0.5263364420938467
0ddf834a47533d15,0.38523701473781274
e36b8b88646f72f8,0.6175962633222415
cab532b4544580bd,0.786314468867037
1109a8f2adc81ce0,0.42807290866160247
e857ca0bc3b9fdcd,0.3516012925606853
f044802db5688bbe,0.37458852974657436
d851cbbbdfd05a49,0.33606294365321504
9b39e15b42422a08,0.24732184749539787
f00921c62315be96,0.676126856922945
4f99b4a39925cb47,0.38309144252937116
0c3622569cd8062a,0.8368750579361974
0f369d09416b9e34,0.34008918208841743
75570ea2da94a4fb,0.37758322087616586
9025e3c6b6d71253,0.8284217017940148
8a8fea2c10512434,0.8074575726662686
9ce56acac775d386,0.3195965419635371
f2d9814936a6eb35,0.7208329369736766
f8dd1e75978a3957,0.6806087586157098
5d6fb4acfe5cc8a1,0.6758069384064563
159646a9d2ae8ea5,0.6522623466997496
ce7cd2ec773bea7f,0.4915392943323348
0f9be7ac405772f8,0.7782234520136279
94b1596c6ff9a25d,0.6011884944131365
d292243c6499b2fe,0.7622288372584141
f3c42ce9fad55eb7,0.8969707387323429
819f51ef9d945a46,0.46644489143474194
f3efc6121c5323ff,0.6028598646401047
d4c314616eac8f8b,0.5498539982612892
7dbf23cb872edc9c,0.5528961621781067
abeaae1a64934178,0.5847814170767891
ecb24300bb3bef8c,0.31204009329426113
b5f70d0c88f12645,0.1919872173693819
b76c0b0ed2926737,0.7389579728549089
bb881d4ee6dfbf86,0.7869905509245994
ba4485ce4e8e3fe1,0.6191934159169531
e5872dfa5b93fcbb,0.5360285399274909
fcfd2e6eed519cb9,0.555400378835624
4dc5039b21013b3a,0.7211563602516494
88d3b6b833e31712,0.7378867568378816
32b0e450b11b32fe,0.6770603804986026
407e1c6850e7022c,0.7208752314420538
58e07add007685f8,0.7034886490433662
74dae3d87a99cf5d,0.4885248393273315
f786136e55007e17,0.2779690791908117
a3820f1eb82f2ba6,0.7303577103373728
11f715fa5e825e51,0.5542419387879539
94b48b98d0292720,0.27721581504874954
0b21755eb0897396,0.6513670033103339
2fb1abeb337e0ccc,0.6322548810114471
0b88d0c76f9cd7e4,0.20671028801130836
1308213458d8596b,0.5493330941825086
e8f4e8ff49678b44,0.4415117252890234
6f1892ed71d943d7,0.4386796886654269
cfb189e326553f0a,0.6524941181427779
c2ddadfa1a1056be,0.46409566136974467
22e10b23784e5efc,0.538355691362644
a2e34655a41ba45c,0.8047705183829296
054794810817c1cc,0.5526510996705829
57939328c1214107,0.20073297049586805
0d9e9127c62811f9,0.6476178827762864
dc24c4759651c6ad,0.4054863164761447
7200343d2e957cf3,0.7659604894445552
3bdacc82209b33f5,0.5841270217658281
cfa0dbc7534f3545,0.7238171294395287
23e548f618dd0e5f,0.5513552297467902
5d9a3bfdcd28abb8,0.2953388337585462
dfe14e13aa727a0c,0.7892830864789222
c5ba56d51f6b0171,0.7027509590679452
0a7517a16d2d9db6,0.5514680985056144
864cddd6e165ea2d,0.30293159096920075
1ff4586752ee8a93,0.22308113336582683
7340b4cbdbac5863,0.39712613791705337
e8206c7380441fbb,0.40415339579956744
0f279b25ccbecc76,0.5265976441149054
0e809b7e37681783,0.42389898211859345
24341a8cf1152c5c,0.5860006409201051
463fc1fd1f17befb,0.6481441975826345
bcc9dca5136fc765,0.20973459595749686
c58aaabf2c5635d7,0.6729977245806492
06910bddb0745856,0.6623388333071042
3901d9cdbb0949bc,0.32800616638862073
1ed8776f978a0155,0.623983267034652
3a38b0b566f3045d,0.6705435630883283
42ecb9a94bebc24d,0.5897528345981076
aa08ebe1a69c76ca,0.8392006888425684
36807d8a7ebc84a5,0.47994579755053907
78c3ca588e55bf31,0.7386871486378189
1a484c452623181e,0.5516204146902357
498766b46b8b4a7f,0.8506039984869948
c0568b225d5f0fe6,0.46832220830114946
ca531425f5c042db,0.7565400712732916
8e7b2d62f834b417,0.6686092040630909
73dbbdfcf7f989c0,0.11513090551297267
9f4d6d192ab4a027,0.7008578222217795
5a00c73efbcf323e,0.5750181281513785
9e674a02db6c03c8,0.701392357746286
4c12c9085200121f,0.7279543933449081
fd76b75c28dc247a,0.5821069050018463
d866afa89d62a4ae,0.24212035557784398
ac6b2a5f24c2b8bd,0.7190577132992969
f4e262b04f4e94bd,0.7052293961404187
24ff0bb908095565,0.6189036948813007
ba6093c9136f99e9,0.6569866646667191
89dd4c256ca5d317,0.4384047428157498
dfb856d4c80bbf04,0.5169656648804623
ee57cbd0b68c689d,0.7170339595552863
1e525f9857019a2e,0.2882697051797999
1720a97a2fa261f8,0.5293707277009467
db5802643b9fd7d4,0.6453356869542225
727ecd251325b6a8,0.41598855288490283
b3e12698e65cf8d0,0.43259032669693315
2735a2ea77ddc0b5,0.47632713508202545
50e0bcba7551a25f,0.7675284093182617
e4d0be5ae320c4ae,0.5437736289003955
4eb5f99202f5fe97,0.3918862018511436
948da1b7ebbb06b3,0.7746549480923429
5a440bdee19efaab,0.4094858600675841
2279d909f6e3e552,0.7508895120055136
55c257629ecea80f,0.8238091506128603
de2069fea664c4b7,0.5139974756305749
6eaa4981d0335c8a,0.5241994632721172
eedcb6c5d163e581,0.7852704890782124
ccfe7b0d29c5440c,0.6184451429661443
51108eabae8391ca,0.5539323051561966
59eea37af7efb06c,0.7040607942649272
783761d95060ffc4,0.7436793159370504
696ff200d98fa878,0.4157175552083543
09f5fb0bec3c948a,0.7653746481817753
95beb5ec32718faf,0.3102599656289771
6915d46b49999f60,0.6540937807013903
d763ad79532b27ff,0.34500375509609776
83955de599b2d874,0.6950134931220626
039c645e8f3ac00f,0.7704039501946781
cb720b01fd6f9785,0.33886518648028235
69fa167ba5d0fd82,0.6441760561853204
2267d967d1daf08a,0.7534651295962563
fea7dd5904ab4c91,0.6297276938090534
6ac3d588f9630f0a,0.6884931383695487
f0cf92b063735164,0.22214662861303863
923e151bd990961b,0.7458670138452425
f6472ca263a863d1,0.8090026833107263
d80fd2ec736f7df2,0.8577555850474298
9e4dcac049327529,0.5074481517066045
fa6e8fa6c3f05e31,0.569371492043173
30eb24f7904c2128,0.6492136742483238
80cb3cf9134b677c,0.498127344111126
e22d5aab3d099c7c,0.7465275798296842
6c1b38dd918793ff,0.7336830897452492
8d5ea3bf3be7cb91,0.6193531266768371
1671723154d8e324,0.2955983333932277
2b13651b97f57b6c,0.6546696994460581
3c098e2946b4c824,0.6815762500180245
e64d80dcc6853ea0,0.5944769170798772
8868957c1735bcf0,0.7280531362786908
0c27552ea7bc8c8a,0.7253648259227226
4d56bcd82438e632,0.12768974377483497
181c3312f14de5a8,0.7424259926206533
28b6ee9c3eb8b753,0.5847352395198488
09a29fb09fe07559,0.3458680981966466
c4d1c4b82cf34afb,0.635384327911437
b1be8b41b1a4fd85,0.7734585985081275
771d8ce136a12a13,0.5678098218755413
4478ee77a647ae9d,0.6889553436408778
46860358da8b8d82,0.6207009023089515
8d4a475e48722fea,0.2902290596800029
2723f4d275d3f619,0.42441548203932267
33d52ac2d70b8415,0.8177262360490052
87d0b767742d3239,0.36266813795539626
cb7616f92a9a4e5b,0.5335532355967562
022bdd58cc6e571d,0.3876287968804368
fe3ff5b1d9135add,0.1989005859936897
4a172a5191cb8e60,0.7397742286615557
b7b867eb3c3cf163,0.5330937169033503
c258996570faeec9,0.7082813920009206
8da75fd76a9b8e1d,0.7076524103373285
f004d3d50b78af50,0.47867178929923027
1c4602efe5587902,0.6298810654044236
cd150cd28738a7c5,0.5298395129223664
8955ea3c7c332e6c,0.6321291236613996
3d35eb2d46bf74de,0.541277997674246
014f1da2083ca174,0.49622734927317197
c7375d5db21cbaae,0.5124610027430718
3d903bc35023f50a,0.27936377345152535
3fcd53eb27945231,0.31010121955915604
0165bd3c26f0c076,0.5886405148666165
358f816aff469270,0.4408690048728318
775c1f401815bbd8,0.6751783295835724
aeb7ff8ce6e1beac,0.7176834841399437
6b0da0b1cda7799f,0.6788186668670415
a4817b7e46028b4a,0.6679696210776965
76b61ff4c9760f79,0.6356269515849886
ddbe6fd66d7f9e35,0.7376053982843559
ac475de5a3d0d7e2,0.4069004846807354
d27ac1bc677b89cf,0.826037337968389
57e784028ef2c17d,0.5302948185204509
4f6d3cdf2c77fb57,0.6212358640660334
dd34dd337e637767,0.44492834571883955
61bedad39b15db7a,0.3781269005157431
aaf45b095452be23,0.4704382428193713
f3ccbfd7036f3cf3,0.1533429578895012
c597fd8bb66d54d8,0.7509780500506156
92f569a6d9374b86,0.651583204440537
99dbe9669f31ed91,0.8738836597628299
65352221c0bfe52d,0.39083450658410296
3d3e7dc7b4bf2bc4,0.38159444099602013
3ac61bcb406e1a0c,0.6237838026600768
eb4e9ec015533ab4,0.8528192649829306
86d6e09932c5b551,0.3013399448345234
464cc19d42446da9,0.8252415590615119
af8ea6db042674ef,0.6451320660787035
bbade63ca780668f,0.5003954410645004
f4fbb11055301e75,0.6933566186855408
9ef858837dfc65eb,0.8492811547441634
8b9bdacca749ec90,0.42887745289579166
f98e954823bd6e02,0.27145728580623585
8cf076524cad5a55,0.7237917988532522
96b1430379c0694a,0.7132498956579267
9201312dd860fa5a,0.36738044512100676
54e2490959f66dc2,0.7666894429030544
26fbf026beb8e9f8,0.594055678245247
be94e5b7a35ce5f2,0.7902222027423244
e175c1a0bff30187,0.6576572640792917
990c2378caec68d4,0.45390156729888226
931fd51ab69fb443,0.6582220667172798
15b1c7ddc4415fdd,0.16935234156069176
05ceb8b2f93993a6,0.5774398944635128
8f7328fe18806fb0,0.2222560081286681
82243207b4dfce87,0.6444165966379741
b12bc15f384ecc42,0.8365659110513289
bc86601cf781a89c,0.6802714530090661
3eac2d47ac252f4b,0.6528774383270042
6a0341234ecc4e87,0.7270672515836168
c2ee423d1f0b4f6f,0.4579350167050706
3a4e2dffcdd1c838,0.24365999190694929
4a704dae3091adaf,0.2798185543043277
c096342c57a6f2c4,0.746541285376336
7ad09f889d2cdb6f,0.6572004257191449
2704d31de2c2f43b,0.6798470249120662
873306ad79b62f5e,0.4435940164504189
ae5d14a9fc1ad19c,0.5250203259241969
5980ab31e4718a83,0.5548209361125926
f4363f1317b47213,0.47041281808080626
04a788abbbd1f256,0.37431088631946524
c06d7bb29bc24d00,0.7831545111379014
15c9cb5f9320c555,0.6460844567153776
7de9867b7cc2b1b1,0.2366711681570706
d0ebb0551377a1c1,0.5992429976999749
03bdbf2d18f3025d,0.6875957507519049
dc48627a5f2daba9,0.4880727349016209
01f262b68a6a2223,0.6289213640111113
70aa6b8f863e6861,0.789480812985108
d15a87087b6f1452,0.7130122545611441
4944437e73071671,0.5760177257092352
2c13b938e0f8190b,0.674040034477923
68cf99b6551dc3b3,0.5566136212096618
a043e279434d5c8c,0.2116970379851144
afc86d1076c4c3a9,0.8106936695160313
edac9fd482177a64,0.5065486516597656
2efbcd870f1f7bc7,0.2982159205141035
41622791b276ad9e,0.5972881302651581
2220b73ece1730c3,0.47671688382342625
6002c24f0b7f8cc7,0.5091437205173176
4b3af85b0df51d09,0.3519896124420198
390694c179f05c7f,0.5931448313362716
0aa335dbc4cb3473,0.7889929257036344
39d188fa9b95d550,0.23706576047197062
b1eff235241e719b,0.4835527897569874
3209bcfaf95de90b,0.8109524078234289
cd5d9828b278181a,0.6320912829699897
1fee9eca658d9808,0.43941790859445995
444f0a732695dc81,0.6074040731992161
998296216e7171ed,0.21632734350951008
e27c28928ed4390f,0.3214397845446861
ac9a8b73e58f3d71,0.4312844690884644
646eeca9447c6965,0.34286843980093545
71b81d8199a0fa19,0.5014913925457601
ddd63237f1b857a6,0.70729758999412
24ff385ca78c80d3,0.6873902909020949
627c0a50cff30405,0.6170994823392207
fdfe4e7cb2d0b665,0.6561271291942669
a33ecd2c88154890,0.6083807355276402
a850ba762f3c5334,0.5837860476665291
f2c82f027201ba21,0.48368436964393263
f67aa0b16e16a9ea,0.6657501159403125
eb5d62bda1581c62,0.5601161079680826
f5dd0a24a7dba53c,0.457100223307904
c5dfce1eaa2dc169,0.8076951488380004
512af32553d9bd70,0.37432219054475346
00bbcd4a6d647fdf,0.2766497948790604
1820fed0fbcf6294,0.5010610592537129
6a5eb525331fa1fc,0.7164612499428857
3d790112d2e6d851,0.7272494103686817
78dc032441394331,0.7619867290454383
d72f9b3ac742a9e3,0.7504311042236008
26202a4bd36d3fd2,0.7521356442667582
ffd8e8575a551875,0.7767622892930248
ec8d93ae99a7799d,0.6231350102133736
2f82e8079ba354f4,0.7325750183268552
394802bb096b403e,0.582528820095462
8a95f0e3f9111f0c,0.3047486793486737
4ffbadfb86284af5,0.7755469237288893
00fbeda449926c13,0.51798258085882
295a0bf12a7373c0,0.36505192633292466
3f71ac21472f994c,0.34785262526733346
178c4926223dca0c,0.45042338769269624
db2c805201a3116e,0.4048363796243943
de332779baa1b103,0.7463257495538205
5573d46130d6b967,0.5195642581946978
be2e28ba3bdeb400,0.35061846400050356
ca22bafab913aae7,0.4835837180134994
6655a8da2655f2d0,0.5894230099740178
969aa613824c5dfe,0.5886501607897924
cfbaeb80b5ff7c00,0.4096745065115808
fef29aa73bd5b907,0.6451315435357674
b381dc272b32ce03,0.7173651351520826
e624d85a0d718578,0.43853045472049135
7f8340dfe4220c3e,0.5909331883997789
ae0afbff5ba07a34,0.6108714830893139
559c0c3d752f327a,0.7518268440485839
d16f7ab4e28171ea,0.4446877501866556
58c5d506181812fa,0.41638829405029143
73a83b2595416f0a,0.5498271472895414
9cdfcd164b48f55e,0.27645775255937827
23b943e9ce495f0b,0.4089555980693674
0716a38768a34789,0.6995648784729734
5c0e5d850d8e661f,0.46882841134796965
bb6438338bb8aebf,0.7466830976961575
f187c7ec92f43828,0.41928350730646663
2c0cddd12deb7450,0.5731539604633636
1b4d5dbf5f663a97,0.6991338821051524
dedb74ee9d84deab,0.5965379652846529
84cde29aebf6c00c,0.6162412592730145
d66164d2c770da68,0.668720725919365
9127a6430e46292c,0.6401124177496373
7d2051c6bae907cb,0.47212409181636084
4560734220b96851,0.24931666311894807
43dfb2c1e5fecac9,0.34563017444937044
b070b8c2c489d838,0.8330421602951585
0f51869f98afa6c0,0.7180400496427046
6cd44e1b2d093ea4,0.6082799735024474
1e9f081a84e7ec18,0.5049923775904259
e8fd128286788a6d,0.7118320249509865
87c8e086c29ae543,0.5288665607324468
744627aec853874e,0.7831552962205794
2bdf774dc8b17504,0.33511350133892276
d3c0dfa57950aefd,0.44270079355209996
a83ebbf013905949,0.7326690620223615
6fd9a013cea5a403,0.11476150655997445
50cae63d530ede7c,0.44267565618598126
23c7c6ceee34585f,0.3740019536855034
5357dab4d331eb18,0.5937376697431107
d988760df61f027c,0.6865678050961513
086c2a0cae0835c4,0.7411156716921069
85099c6378ff87c5,0.7022387893798552
4341ebb5a56e6943,0.7002396446798004
c9283da5f4d7aaf4,0.5803278358630899
4622ec182e7fed6b,0.6671642876973614
ce0fda34122f3d48,0.5443198137045354
d40eae4425092219,0.6464907770111432
78afed76d0e9a639,0.6573494085494905
ac0a1d87e9ff4085,0.7769356115797643
1aba46988c9b58f9,0.38156222574323484
858feabaf429a963,0.5413168909676145
07468b6347ac5e3d,0.22806648982212574
96bbb6c573dac27a,0.41843037450528614
7070abfa26c079b8,0.4605385132449105
53b480b44b0b51f1,0.6120734385472452
8245791a3d3403c6,0.5937259840275763
7d0ce28ce8a77eb1,0.5680734783883697
7d0874323bd1f768,0.16041100461935093
49876b12d440af40,0.8204424113772186
93d5452726f5f364,0.6059203424776212
940701effe1d2b6c,0.5473702839237333
813444e109995c97,0.7814089928292041
72105dd82d964e7a,0.11462705430073915
7d4c160dab6eae73,0.8257554311733266
cade0268dec56f3d,0.8250608392211815
1be65a0d2c1383f6,0.43792631444230135
dff1dbb8fe1f31cb,0.44771606928825575
4911094a4ee26868,0.4601136679911146
43c391b251337c9b,0.7670966282297423
1bde9cb65d31cc76,0.5492981895021889
4bb77b1d8efc53a9,0.7146026979487289
214b268e4a92f950,0.6376322657532795
1978b44503c3d9ff,0.632435411243462
69397bbebdfa41d9,0.4400949656134751
12ceec9431fb0827,0.44528292921291757
9eef9b7967991296,0.6534112139549096
e3ecb94228c2739f,0.538191113427875
8522bc62e8d942ab,0.2995016461486766
af9927b5589e708b,0.8674186279226416
9a678f346946b6a4,0.7446996553803904
85c5dd604d5b3634,0.6331922589082694
dcd0793ff1a43b68,0.6946797309600174
3d75081ce43774ca,0.445187578985254
76ece0ee2ef5d240,0.2960484664085042
962aab0abdd34173,0.585341652043673
efe985e626a0d8c0,0.5297816175712727
980927e7dcc131c0,0.4882190562377531
bf732e22055e8634,0.2956888792130634
47a157222b2c9092,0.5387209784404483
8badcb2134c1cdaf,0.6124753452701958
5e2ce5aa3a92c2df,0.5962004334965405
bfacb44c24bfe0e9,0.5641478333611611
12d2b282561b5e5f,0.5439564833803634
0b47788da6de735e,0.6146561228661469
755d84d5f4aa4dbf,0.4477621167562296
47230f9b5d7ae037,0.38329593394742056
3a9e0fed344fd07d,0.24581639867541102
f536ba47f006474a,0.5050566215821689
ef4484943b1c68a9,0.5437160270315549
0f3a91caeaa55094,0.7125808978124464
58d5e4afc2dd35d1,0.28172561046386707
e24c8aab497b4fe1,0.7427556027959249
1de342e9309c5f0f,0.8121008856812103
089a17e450cc98aa,0.6518288533756289
5cd1869013741767,0.3644362673124489
a7c38d4d66abf923,0.4846187881892612
3f76035e52e8819b,0.3299328892462953
ad81be01a461c936,0.6507881663106787
f09912e9d8eaa968,0.6790238428638995
b977ffcc6428046f,0.6147162922483423
14f2bb86fd888e91,0.43943196656344724
178756c3cb23b884,0.5700521835079889
06b3226c34c17001,0.7361069874319996
dc870fab1e0f15e1,0.8190937338075662
d06495deb1ff1750,0.2737351868793691
401f5f4714132d50,0.6842900036691804
576b795e33ddd62d,0.3161439434819793
13a8ddb1c3f55ed4,0.8362885159668051
4b5f9b7c31d1205d,0.6084939117506436
d1621b3da377f34b,0.5482934829476493
7484298ad57099be,0.44669886932021163
7abc4520f63f2c06,0.6002935686283943
f085f32bbb3220e1,0.2181028302845815
b3c23fb2d71bba51,0.451220630801765
bc276e0f07e30a54,0.24164093408416507
f4df74046a1c4364,0.8181289823380865
92e006a93f983fb5,0.5378379184265568
18f1b88d8977c216,0.7081610417571705
e7423a91a253b416,0.7918538354392328
5f444eac11e55161,0.6380499723183256
dfa2f5c821a52c63,0.7063808856660404
3b7eb8e56052a2af,0.624515980051162
dba710edbc3c29ff,0.507719839689077
9c33c8d4a381ba70,0.4917900700917028
ce151e053721fe69,0.7565473218678335
37c484012ef24a5b,0.4840747166919366
ddb927b0dfcfac2a,0.8467656568786103
df16b9c2fc9722e9,0.35601596169369576
777c65184aa63894,0.7888527437718316
6101249c2cdd1493,0.795755337908965
20f19439e9b100b0,0.499714786242141
d5ffdb5388ffabc6,0.7162369379851257
cf020c71f1dbfa0b,0.7365101258671868
e3881a6895be3e9e,0.2998246500582053
fefa96b6d939ffea,0.4253327892721257
a2e1116a9fe84aa9,0.2979533366667382
188b63ec6ee1c1c9,0.3669390429584407
6d7eecf4acecda2a,0.4074380021566947
85f920746c58d0a6,0.43235987125161873
88256dd5a9aef1cc,0.5254019455570292
e078d18fa9ed100d,0.7535187620368639
587d373f18f6c8c0,0.56004552554583
98842f17dfe4b4ef,0.44446926283407445
9fe62ea683decc55,0.8743448581103184
860be3cc82895177,0.4233587473987568
4a5e5232346993c7,0.28856717693068223
156f2425a937b22f,0.23106490764587936
92c49cb075f612d7,0.629726195387832
41cdfea7df63003f,0.4523069205708143
58b19ba734fe93a3,0.8023092179809165
987cdcbc809e210d,0.24164875070356454
13e3e41e0c6f4e04,0.6403507735322759
5ad4c0eae7512878,0.8769595810977556
18edff5447989b3f,0.7149067696731345
919fb76d2f3e5827,0.705098635802129
88cc78d2d5d6bcaa,0.7117343242621827
e25875165648162b,0.6132244286840308
095a351dd6f09f7e,0.5012758312275196
d69e3677060af4c7,0.5029564744689072
999a0fad4c82148d,0.668681147966653
a260238fdb9c47cf,0.5173694332170471
c634ed84212723ca,0.34549523720103337
31b3ae9352d9389b,0.6891671893873582
81bb4d9b214adf4b,0.39998960324806304
2c21abbc28e3876a,0.6836836954070485
a27a355f52883f3e,0.6912564174237651
0273dbd5dedbdbe0,0.5971856185422817
73c97d5c314f1270,0.6453223193187961
8636b67096df4b27,0.4733646023692576
1013cdbb6c9a4a2e,0.5196473008616199
147e984aa34e3028,0.8332963461409342
1ff89e2a9cc2f2d2,0.4670741318391427
84c68c4c387d2e32,0.6200903047986798
f592f168f3b8b807,0.608162198294982
9b9ef12603e820ec,0.23136580680242916
1cd8f5a107f64e39,0.5201409471163368
50bf4bb2f8d9aba4,0.41606534928775674
1ce1a43ef68ffc7d,0.7071882025536005
c74b03337a8441ed,0.6813583296835926
42b28adbed6966b7,0.656752594153079
376dddfa82debbf4,0.7358755506181635
723a8a8c82cab1c8,0.25836908137202064
657b7da9c89352fe,0.7235497059958476
9e5bbbacf1d92cb4,0.8137912873860056
5d64044b985004e7,0.41990495669891265
b3847772199e2639,0.6760326512390126
a38648a1c190f9be,0.4828139968893931
3109d1151f149aaf,0.6272486446489642
8bcdcfb0f93f1409,0.636169312850819
537a5aa4c248830e,0.7124529864295155
16243b1470887cb6,0.5567196011406002
9039762cb9f4abdb,0.3019137023163133
50f2539c73b98eec,0.3759803075363411
abb8c6c0a057184e,0.5668708511894041
6537a32e7af905b0,0.6027704666206811
8c01b7dccc4d0926,0.23662225389977856
795aa42785a46643,0.4189248066777535
2d0d13dfc6c37ba8,0.42779069042572665
b22eab3aa1522f40,0.43154175049980825
ea76a3af8c5ecc55,0.5056824753455543
a760d0f5de2e1aaa,0.7455199338845173
b4f88d65b47c2a39,0.7465692938333255
fc0927c657c51622,0.817228460117584
bdaca0a96d44438a,0.39065152511967405
2a5484a6d5e7a2da,0.5308361993500156
730f14ccff80f3b0,0.3114180570998115
a43dcd04788d95c7,0.2887192160783456
8b3b38167060b1d7,0.5539450017320833
4b7ec02b39fc6f70,0.4987769161278187
3a8c0158d910546d,0.7983595186422842
7c2a02b5ea169b54,0.738864760525493
3738135e4c9d8273,0.475516461363036
8d89f3b8798f444d,0.5962256055606115
3bcbb0e039f4f5d8,0.5080460300812618
9dfcf675cf2c1575,0.3161749359206404
80f65ee9b6f8d63b,0.2935003330271465
cddd3d4febe097f8,0.5536983138598461
e786542667fdecf0,0.3939695737681179
342779192b116314,0.4495614857541328
84ebbad426d25713,0.7027959613992404
c816a969cb001168,0.7809620067407742
208c5dc52ccfd47a,0.6585671443558767
0730c4e6fb247fa1,0.1488980563162154
6b4c2cc27855506a,0.7871030197402968
ace166f26c2ac2e8,0.5230272227308513
4b67a1875390e7ad,0.31839460662279784
6708f3a32861038a,0.37397190791540635
821bef3a3394dd96,0.2707451432670839
19e742ccaa09cf08,0.2794586687364847
3bebd99d5f94bec7,0.6636980490651665
a0ba726da4a50458,0.8463722949203568
81c22cfa22002ea4,0.6068125679258183
388adad23aaa9d39,0.48163432675195567
238832b58a66ae07,0.4535104957062511
18a1617ee7356352,0.634873271916746
bb42336d6417914c,0.5806419778794066
ca8f73d038c4d6e7,0.7103873156158425
2d8db91f91f68069,0.7151410419723864
25da52bc590ef664,0.4306631777009177
04e2d50c24a88dbd,0.6528662275742486
93026443e5140415,0.7580201510388992
99fd8396cbe1df03,0.7130318973993721
f7865e5a6d009a87,0.3536389785351948
c5d5fcf290cc029e,0.8762139457817026
901e62b7af57f559,0.2698144269163335
cb1f27818d46af0e,0.44501082243569373
61a20ff34b6948ba,0.5950502057479042
8515f07911765f89,0.8082702176745641
01468f766dd7385c,0.5174684131453001
2f4d42e0b9696f71,0.8857089558658877
d5323490163dde0e,0.569737989373748
36d9337a27b71ba9,0.6650787150360526
c420c376cc1d149c,0.31132358394504217
59d44b6888885500,0.11901916492046685
ee278a5a25744cac,0.4775087406523286
fce6ab43b7d09aa4,0.6180632626746567
cda06ff86cfe4f5f,0.7187969917307225
43b43c5d439b2f98,0.8182055945195199
abd45edc07a8d9e3,0.30925511955975893
838bb84a5a976a9c,0.4666253967227978
d03d0abf331df751,0.6425622305016525
b400c29fbeee0206,0.42846711022788686
9cb78122a23e6a7d,0.5084184751849863
5cad3ab6553e9ec9,0.472723569485753
226884e46a10865d,0.4686265560128816
463fac0e48505b62,0.590444819886137
23eec2d9cb2d78cd,0.5218143988338411
70b8d357e89383bd,0.6342010306962496
9b46a662b8fa1d8d,0.2313455200419095
8aa16cc1ba99aac1,0.1609742819442696
53d0df57a917c6a0,0.6381414662501661
766b4f5e77ab0860,0.6134476925391
ae989e21c3839b49,0.12459257647334071
6e705b2365bc03fa,0.6654512935691006
a200b5dcbdd2506e,0.29237061535706454
bcd1e1d71a172d53,0.6423812683585085
001441f70c293931,0.6383511789636709
ce3d94186567a684,0.6544459838230422
06641a8c62e45661,0.6239402460534337
97e522591ac7eb29,0.6021352892932871
82b2b97b85c7225c,0.4956788297454006
d0b7a79d3e7f3362,0.41080997951820913
f6afaf2a39fa441c,0.32343261980824517
3f92025b29e06bfd,0.6713279076159543
410e65e4d1782bfc,0.694155312875238
f3c37e23ca30c87d,0.470848115689925
c4e866d9dd606faa,0.7859380474943459
278b965694e563b2,0.3677380364038872
313b85fe82b2ba80,0.8029772960805441
15311d4b33d93004,0.531266263394673
394b0347b0438622,0.29062235945514225
9a8964b148cb5923,0.2955613267496367
dc0ab34f1952cb48,0.8600043621076923
fb7ebdda8658fa05,0.562527594882537
0987b3f785e26d1c,0.7319399781393852
74c58b9d638c5eaa,0.7997470063188373
b09f8cd4cbd7ba56,0.6118453743289188
4f6e7159e77d4215,0.7099178931016519
7c5fc3fc7be4a997,0.4520162399821839
6d4b6224f26572f9,0.5843130643019266
6a4ba72b084193b5,0.4989171774643352
926977ec3ed0ebe1,0.5956459239659495
e8c57c6259193466,0.7691536179099088
9b8a82276f06829f,0.5533398632047336
992e84bf59837e21,0.3689048632812545
173d576e6247a88a,0.47356608546324025
6017351e164dbca3,0.4089007004423593
9217ecc287ac482d,0.6739847303114237
7e4b7a70838e5ba4,0.48636747091877275
d2484d74f819d813,0.8660683488432358
6b956992204ec040,0.4651995726637314
760e3f292b834637,0.7694070996462674
7c8701bb78cb4de8,0.3191500533789704
632c2d4ed12f2bdf,0.47946195006364073
eb277b5ea2a19124,0.5115193577577827
5ae5eb729c6bb169,0.558946040751369
ff6c8dab41efcc09,0.603891704149314
80ac36a9dbc4b1a1,0.7757951920328438
6a902b97ac98c283,0.5424033830298418
8390441d93736719,0.5356518268605672
c020ccbd7cdefb6e,0.39397997859135503
a2ebb5f86eb64f22,0.6680476378556944
7d4e49d8a6678157,0.7227140198710266
afed0bac5ce5a2f3,0.6877394247039359
8a1aa64eb1f17913,0.5962709363799775
43543a2c1c7a7135,0.6164490812050417
2fa88b72973478b6,0.3209752925914766
5c281439d20184f1,0.45988217014584654
5136dc566f46daf6,0.6286303632892308
3542f9f30926f364,0.6957076018304447
534c07488396e124,0.5396086041414795
1b4d0c9e3c59b33b,0.9129629942053378
cbdfb3c648d7bada,0.7342002980042326
4a789cdd5aaf4439,0.3787711731546736
f682118709b4143e,0.6189411876661183
5d4fb748ad246269,0.4653497551146498
7e20b0536fbbd560,0.7258014944968838
43d7d4b67be48553,0.45405922591752534
ed32da52aff68944,0.26494778690277465
e5e75d831670b401,0.7874144626919529
a679800d2e7c3be2,0.6637732280931514
aacb47949a572f25,0.22057569663360985
7a635063e5f1699b,0.676978566584276
029f5c36820fdc09,0.4715876833406537
50eed57ea1390e16,0.6438533995548178
c94b153951be7590,0.6318546723985836
f115a91066a77ee7,0.5601681595989599
d7a7ba46c4f075d7,0.53595770249161
fd49f89b9d97566b,0.2890404188023236
e8a5e53ffd33c0f9,0.4648919940602971
897d9e21c59d0633,0.7153863822822277
8b5c760f34daafe0,0.27822354761518336
1378fc2be3819b2b,0.7786744428730223
9a92d376fba2379d,0.5322409193558628
20cefe64f4b28be8,0.78654693944024
5095f6290670009d,0.4139071140080833
4e6218b6b892b017,0.7819793473879398
11e83902f5b8ff63,0.30699124136611244
1bc662949337a8c4,0.3141450781497869
6e559181bfbc77e1,0.6932521433250959
24a9fc95a3112f51,0.3105074838390713
8cc43d79b61efc25,0.40873994069937436
a457331c27bce6d5,0.3778441600113792
21f79cd40513d075,0.4783673264861564
28be3fbe5c377380,0.5383266716394624
3f38100fd8dae286,0.5305522097724096
28bd070f7ab0a0b9,0.13172653485561966
029a12d36a4687e1,0.6150944523360512
c57c8e22a3e8dde2,0.6166199956174581
3c98739eb42f96bf,0.3062447693717427
1f5f59924b59408b,0.6947655403617959
99ac96bb67e5c5e4,0.2657798371443682
57775c8af89007c7,0.48303594473268435
4d8d1701c43c5fea,0.6800230477077772
459bc7c0b47719c3,0.7726805485893029
98411542ca0e847d,0.5190228072988033
39dccca8e8083072,0.2260828666959391
12a33d16e1d4e2d9,0.5866700064971213
0308bcdd00cc72e2,0.6663696635833714
4047e98132306cd5,0.6342072931857136
a7eaf7b101166d3e,0.7933440446859965
fb3f5a65da9f2ac7,0.6955804032128914
478bc7d1288e043e,0.5035615626254629
04e1ff7aeda2a018,0.47436524537923197
a103b30f6898de7e,0.40758873489104663
c58b3223b5caa18a,0.38839767235603234
cd63b4144a45b611,0.5153185825501595
bba6cc8760da34ab,0.24257263747719324
6c60e58f8e9e7a4c,0.70505513562149
be69cbf1f1671c8e,0.29677802999363057
9f3326195672c2b9,0.6584604782488785
a5d2f0fed3ce2899,0.4854642629502698
4dd2bcd2b025204e,0.6827823774786329
74b8a36293758342,0.449288717708298
ebefe958473b3843,0.7135429358103772
d439374c1fc95581,0.49324740519981336
8e4024cb49c963f2,0.25730855920688434
dd456668731bd52a,0.3310787277783752
7503d5c892f238fb,0.6229651667614531
1c84dafe38694c05,0.45259763125637387
a1029686c3f1bead,0.7260521294706127
3d35f25d9792a69a,0.24644600852643045
f6fd50bf69bb59e6,0.9253899510707536
dd6dbe644f599795,0.6965162071882318
b0d06858fb725654,0.7173828161589173
47b1cd4e3e2595f8,0.6137982309764146
1ff520024da5b3b2,0.5746069840196275
8e02bdaac8ed50e5,0.7247644787677382
925a36a4af600291,0.6011477770975655
d0fb381cacbb0446,0.6543896487012747
66f7bb31d24b3b36,0.8949325570368826
189b9af881b96de6,0.5905943470517521
81a18de517a3336a,0.6179369160489878
579b5770129b328a,0.43439956996526136
058c2724dec1add1,0.8553419673025138
96b62bd56b252bab,0.5920891533099478
52f87252af59e23b,0.3746907575856657
5a1ce88ec1f75160,0.6164629960388026
4adef20ce69217be,0.7460003863912813
eda397c27787afa4,0.14661025452748155
b530bb13aac1e48b,0.8930667471929669
044d210d7b1eb519,0.24593014641843114
a6b328733d610e2b,0.659056497176868
a8bc6e005077bb0b,0.22400340143510905
0823f97be9c3a62e,0.7483184106505334
f858f91453555291,0.7598787328341529
38b6ef176439c39b,0.7114438345876187
d19e010f071a4b45,0.40751654141775856
efd7efba85092c6f,0.38273675148400405
11cc331fa40ede63,0.6250388195750656
06d6cde7479711ee,0.4173485906392866
d497d74a0df9e35e,0.7129952549061468
6b9f82291930bfec,0.8011735135462549
4dac5258f22be059,0.6746796694955497
2ac9b3ccb43422d8,0.6797249800389161
0cf7a4593fd44e59,0.2493040070479724
e0b98f3cf4a7cc3b,0.28279439719302873
5abcf9f282983acc,0.8229317909689271
2ac3ce1f62b3c4b9,0.3268370456386145
2de6652160cc7b9f,0.6813346081100494
f70c817388602681,0.7753948603281581
7bced112f3229b1b,0.3010095864574815
acc9a109b00a99e1,0.4659840675778586
1a191251620a84ca,0.48468418270493274
20f316f96c9e4458,0.6638884684864451
b8ca1acdf3dc2f58,0.6131289252041072
810c9da07970c4a6,0.7435345672828028
86d57e8ef2191316,0.3426091932187769
6010f681e54ba2cd,0.45055371117788495
bf334cb4e63f3430,0.7356825756840351
77acb96700e89c92,0.23095531158713925
0e6d624086f7952e,0.7430656255829443
d869eaea38426f06,0.3395659971621407
d3e23d7d207d3ccf,0.5056239660955721
0111e6a64b5184c6,0.8589418093022382
7e8fd03e070d0c25,0.5083638048053765
8a044e5400b4318f,0.5141637401760231
be73f75b52b06f14,0.5521266244587216
46b9acec12a35d37,0.7143928479395987
f521ecde1e96a1bd,0.3108378140276465
ce5ebaf8caf8c4a7,0.700023232823464
3cbd3565dd631cc4,0.6682353139327165
adb78db5ba8ccc0f,0.652918589732155
bd06f1c2d7e6c4a0,0.4688885445658775
df370b97ea49e6b4,0.574757465350837
6c79db79da9ae874,0.3767514785656559
8c9ff13791378784,0.34927330709947274
ecc56a86a1eead9d,0.6394047867657493
de93fda66d203c26,0.8538967446328188
63f6af6d5f7b82ad,0.6730073690074971
330506571d2778b1,0.7124253371509458
a73e33dfce8fcfd8,0.701540427585633
7d0d2cecab358ba1,0.732354648177712
84b04e8d6b251c54,0.1203337808727827
fac560495e61d34c,0.8758627644876121
860050f211b44d10,0.6410744596336773
8252a314c778b8e6,0.6233499632665519
59695aae245cca73,0.41178450850509196
96d4fe315722d1c1,0.3752592731108456
759c55755d70f7ba,0.28643960111319317
1af23e7aa71a1d17,0.2652456982155591
1e8c33b1917fe1b7,0.7959482983185919
1b204fc28bb023e6,0.6736257260836164
cea6760d7bfbe19b,0.4326852974242762
f4d8266a42a41dff,0.332032712105242
2d36e2c10ee349fe,0.1731318996307674
d325a1483d78ae75,0.45938382949025885
69f39e5d959311b1,0.31864360765996
5c3c4bcc6c746ca0,0.6802181854903742
1f0d4572e0facbea,0.6477439067425851
523815acf1bb2420,0.30302854213415537
86dff1593d8b9a1f,0.6276591754905249
d6d141afdd31c3f1,0.37679727502818894
5dcba156bd13e0c3,0.38240625133849726
f32d918ee06cb83b,0.5863957303436912
98b7dd0ddc52cffb,0.6173904420479663
6a7db3750822d7be,0.4703007048318753
bf59d9f8bd9536f3,0.43512069442204826
a554a72bb0377213,0.3251944345429244
cfca30d3ef3c86b9,0.2323203284559946
31cb98ce37fd87dd,0.17111700786961545
2ab395e21080b10a,0.7197887430653456
1535fb6549fa8bab,0.7062985410453692
3adecfc4727a8d73,0.7832398724650279
2664805fde34fb1b,0.2673427035483958
b279559f15ecf29b,0.6219795182220822
db026ff6eee4d174,0.5937177058508611
bee95769a221af9a,0.30765677316223505
7f93b2f38497caec,0.390075886245535
40707ddc9fdea500,0.5453380629294838
65ce9335b93d9c57,0.6738797533187862
6f22afbc5f8e0bd3,0.6388278750404677
1f922cfe6178e830,0.4574086123222708
77c78d0a71b10692,0.5135444312089935
09afa6ce4747a1a2,0.35665209019557415
4bf3010fdeea9d93,0.669411355955768
04f32bb0c0d3a8cc,0.8166754963180048
a3696c847ef6c7f9,0.7003747370604326
0f2983fe7753403f,0.5411603090390456
594435375d641f63,0.41322041278739646
b4cfb34e8224fd77,0.5572904891891661
d0c01840c72429c6,0.8764653340625245
c317f85a8266313e,0.4454754270418186
110f539523a4b571,0.24627295344138694
c33257dd0605c7de,0.5383652402297067
30abc50a2e71c576,0.7040231600987586
be977e524ef56aa4,0.1949920852059663
92c1d9a6d313cb0c,0.28698169106430976
7bd6969c4ed979f9,0.32720231330461774
7fbf09533c59e43f,0.5772183056865337
ca0f0a35a1fcb453,0.4832172341425725
a71764d5da04e3bc,0.6490120249215114
972e17c1b98fca06,0.37522192085847306
5a8f7afc5ea69537,0.7793385796986759
f17813d03fcd8e7a,0.42623580799066896
a419e6df765aa755,0.3255192249049316
a1a5d06b0e7ada62,0.6636154819850795
a346180c8b109469,0.4660847900037377
4e9d76ed54f1f352,0.8021739033708243
1779cc4ae925df01,0.5631519085558625
4a17876e99f6baf3,0.5016095137020781
ecab8b8b36727b8d,0.514364550306602
11f65de5348e4bc4,0.5419261750094201
144cd3f62591a5fb,0.6524437074003425
3c3a9c1ec0604fc2,0.2681349407425662
ccb7e2851319345d,0.7725912363031491
f87a7812733f7e8f,0.4050218867493359
8f00da6ea8186ce2,0.38964782219827365
efc64d8aae5628c9,0.6358282393348159
ed6203e849a2bf28,0.6312320601881763
5f4e944ff1bdcd9c,0.7449212496185946
e0444752d18fda7f,0.41082350092718495
c335f44e4f3515ea,0.600246861453204
9c1a2ac64c98d2f6,0.4875046115562574
ce7744d45a698aa6,0.6595892161773149
4ea48bf2407b405d,0.43337972850448014
b6723b9c6ff4d594,0.7660933402443617
c9144a294c73b06f,0.6644412063873241
a4c7d59d340794c0,0.9048149794457275
d4420be78065de03,0.5241289815575123
c88a7dbe7717d2da,0.5239528369752164
868c83e734dbbceb,0.5977769274151203
f09c3d8a26806761,0.4674686698731277
fffdc57255274be1,0.08155254826546923
a3ef3d05ddd80a94,0.33987965336813436
2d1ac675e6c1e6ea,0.377033030136598
1c51f405e5c46572,0.7065885079842426
0462bcc27498f7c4,0.5297592247296381
dde7d29cc443e263,0.3372837650327262
983fab4080743ed0,0.8320471656851333
01e8868086004dd8,0.70829136053811
8741e6a3a5a22a7f,0.7439547696375504
7a1abc0230af730c,0.7636278259872732
caeeb398f73d213a,0.2169643794143594
8b7bc2af1e15b668,0.49429025636116863
ca2672e68fedf4b7,0.5978752871751589
ec03739c836fadc8,0.7260296118128169
da22d5a717ae9e35,0.7186654258408606
4f672dd40867d8c6,0.7501537061982082
2208b9f471a201d9,0.6423439972946123
256894b49303537b,0.7314824706360664
3d46d635f9ae5e68,0.27703932772740264
682ff095649c9a5c,0.37091220471972874
dc6f69f923744948,0.45226918312632
3f837b469ba33c7c,0.27408244507483626
63670e1b8f164d4a,0.5037628877789088
00a94d5fc7ce55cf,0.5094046546744169
d6357dab7ccdf2db,0.2958443451912285
2ba11e0bf32829d6,0.6124096587145192
0eb16f1307f66a11,0.23265844334307373
ed9f8f702585ed44,0.9012403123838737
c29e2c49e1e417c8,0.5276873310738439
c2fc4c1e0c769655,0.2038401107916917
ec490d4224d3bc78,0.7982241494705574
d6d034e98ce85246,0.7005716319665338
22fc6b3f4e48cfa3,0.19759544802646165
636fd144716a3084,0.5723526633292516
ccb5e29cd0347110,0.7379090387664312
c3af2b6ab1262fef,0.4060522092229923
c4e4954beb59eca6,0.3438074880941055
804c350ce714770f,0.46375133611461605
2c58a97f2fe6c985,0.8741110550908758
b9539d5e379b3edc,0.7074363128300324
d6945828f5fa7492,0.6094573014356947
3b561a154aa2bbb2,0.510478935173007
0ccd2593c88209e4,0.5335797969583451
938c2c71b84e56ff,0.3770769148889029
6068385c48de6801,0.8479820544614112
13f5be7a2ea5577e,0.9345610003580429
5e9c027fb24efc2b,0.7070665830204826
019b4d006800504b,0.7950187633591242
90a83875e1d11238,0.3301753212580372
c483ac06b1e33c3b,0.26123661009672666
16bd47ba50891833,0.5554926786169433
07e39fd5f4f23270,0.5328005866272295
b9e037a45f8850fb,0.4803507280956643
c6cc6ae23cbf8a27,0.4650900689474525
2f382615155e32b9,0.5509064477521478
bce8ece2ff26b4d4,0.6945861405785718
33fa6793a7f984ac,0.40355514319309244
0810cdbeb9dd4d02,0.702478106136344
d7022b6058dbb26b,0.7122534105243825
28e3d939eb043664,0.3376285038802905
bbc76ff9e1b1b142,0.4235395815814806
2cb34fc074f7a9ae,0.7454177939122266
3165b03ddc6d3b6e,0.7784137844438639
678d27af287476f8,0.47104411326556433
71ea7d7985dad804,0.8187351407222401
fe143cb868adfded,0.39137185595794843
cef255a992ba7af3,0.28760297500365783
50e675146cda6e7c,0.7654697182732788
bbde45b2c766bb67,0.40098114533821216
b01e6e97d66681c5,0.6404333943926601
bdbddbc00d07dc4b,0.231784413493462
d856812dc733690a,0.3338765713799144
995e79b951da945b,0.530517832775304
792f139c2b9fd294,0.628002666215284
83c81018bb3aeebf,0.3314204225853067
6049301b4deea035,0.4721645203253968
277233ca9ea25674,0.5906366440673266
a941c4e25ddddfff,0.5738789324415582
034cbbec91f67852,0.14899455390752017
16628e25a043043a,0.5248619939454271
06d9fb9c995f1e4f,0.5277526890232196
640d52630f4f8a61,0.6681052142888866
d00d5ef4ae0ac01b,0.6800656362784941
856468ba24a37fcc,0.2802938446804885
ca63933f8c898fa2,0.3562859477193521
5d11b618f24082dd,0.7713971750864149
8dbfbd8f8bd0f00b,0.5019870206704075
37ae5c09d6f03f33,0.6752736530765371
ecec1b0dd64ca2ae,0.7233742287063692
2b1ac5d8f98639bf,0.4875468321059607
93fb6c7e590487f9,0.43166246809395
c3ca708aaf4262a7,0.7170220686874447
3f8b4aeb3baf4724,0.6329463263984596
0c6e3c1f03cd4061,0.30968396331952563
ed707998b13d0101,0.5225969275971638
e3aad51099a23ba4,0.6838279361861618
81fda78adcaedbc7,0.4331100272279857
14e689e60419d469,0.718513102460461
3387f430abb7e39f,0.944264571646164
f2ced83baf0457fc,0.4244496612540963
838a022ca5d99cc1,0.3654330585954546
dae2484418631ff5,0.7644867989418722
b0f4c7788782e26e,0.18916209934402098
c501576b8ec35758,0.4457651558300227
755202fce24b8f83,0.15723595769996374
8502f245aabd64ac,0.49136265832170267
eca400aeeb2763d1,0.7829048803987316
fb70b62915fdcec6,0.4462157318925543
7d583e4002622848,0.5802406242649852
49bd9a2f1fbebd1f,0.5825990108915009
12683e06369d1a83,0.6644298675046783
73700c8c5107f719,0.38379540120604916
3638ee66c7d34fe0,0.3539857596292078
99808befeece3a8a,0.5569464506743009
72bb7605e340a8fe,0.4340344496853925
5459c3bb88d031f9,0.39524417083454905
84f60cb00b8d4187,0.6739526450196995
a122968e96068800,0.47873229197981915
913d8a35095591d5,0.7106358440670327
7be3e513a31f6570,0.7307103022022781
d7ae0993c7a378ee,0.5050855827170415
7ee8b91d7f80f8a7,0.33658529553332067
e24b65cd8721349a,0.39584542780585213
96eaf07b34538b8b,0.7694073270433852
5311298f79414125,0.6883642599258103
46c67efd68a0b15d,0.703053215308051
e9d5ffcacf7d8757,0.7705276146238523
40e8bf8ce508c436,0.45461626151745904
8794031c523bf534,0.39956161730187545
9a2d3ebab827d333,0.3273567253955782
8ea12c7360fa0f6b,0.44313400961259464
7ba54a10f28c9496,0.4482840292284091
bc1be168c064f028,0.41894693856731324
870672b1b443311e,0.36672708285837974
98458778348ea5d7,0.7457790557503327
76fd6919d828d5c2,0.7577864682273063
5d9b84493f1ed114,0.3003001623262468
6c2199524d762b11,0.9382486196294166
175d9e1ac0725145,0.7407632175662173
7b909acede0a26eb,0.5866715365612798
fcc1191761e365f9,0.5469210080582455
8b296724a6844865,0.7415215565936871
42922bab8a3e1828,0.7377678410180188
ced01368259428f5,0.7134821144451665
9124740fe7816d70,0.8041009648134647
582806c33ce6dcf6,0.3913344193532249
c3ef3cb03edde8bb,0.17159340948484908
bd2e14ee959f9b77,0.7581434496416443
454265014520a3f8,0.7488302504621335
962e74250884e4c1,0.26334689781797077
cd137988da724076,0.5866142131102257
0548a24a9bf8d7a0,0.18855802599787003
4dc5a41f357a7d85,0.6079479467229667
f557405652165aa3,0.6449080002732894
5b71958ee063a6e8,0.25619661889323836
420f7e6530dbc727,0.416661066343289
69f67a4a690eb15d,0.8160311897536795
6ef12db5b099ec81,0.6887687650426758
20d8f6b4b7c8bae7,0.32322306320331656
b6ea8880cc7af439,0.7268166101649094
4ec5d9bd1442e6c1,0.6753998302874125
0f24f3bc1b39ea45,0.6748607322047618
4b12a4b48755cd6b,0.8103280247088822
57785c9be5b4526d,0.7502608634393435
3624f4ae9c1d703e,0.6772684272860903
b4cc389bb4af3707,0.4091459389071703
8362b372adb2f302,0.4105932599167719
e4620f3fa451a3a4,0.49088472621668416
6adfe44b110c1510,0.49438617903591187
b52dccbe69864d2a,0.4244037759782102
a8a4c9f98ff73839,0.48344960141857485
8b341eb556c97c23,0.7817962379690601
319b96f615a0a154,0.4100721950188864
b4e2037f180c1e0e,0.3539157501529286
3c4305abc2e302d0,0.5194312163987211
c4caa8a4f32a0eed,0.40239594331375195
8104fe27bdc46914,0.3110262493877877
9541cf21e031354c,0.6919504112436772
90e46589a18064bc,0.8311789290499936
3de326b65aa6245d,0.620782464105546
5116f9398bfca446,0.7497418811596857
e5ac7343b6d45188,0.37347615299217485
4327fe98e1b6f222,0.7129722837456118
cbf1e76186a0c8b3,0.37198921264524704
f1eca70738ca073e,0.3472363114701361
eff6ec2b2f1fb27b,0.5218978241233915
800a35b3a7e52308,0.4875618158367269
c27e33ee8ef53866,0.6274698077159252
38901948cff43ff9,0.4177857006400164
1b0d5e65fdfc62cf,0.5530230166677372
bda7992779a005fa,0.6146174877601617
e5cb9dfc1189d77d,0.8286407604391209
531ce3d8011fa1f6,0.6580167699884658
2c0496a5f39ab8a4,0.563921396591256
79bfba62da6242a6,0.633161684658554
2c54be25b09fce50,0.46385490511506866
554163b1c8c05522,0.7868580579743232
d5929b7fbc801ce4,0.2766829544407331
9576d9cba5cf5c4e,0.7828027425734077
2c160a1d1fdbf0b0,0.32657511321074734
9a9479663bedf8b4,0.7399795468472357
560a971c6ab8b854,0.17555077356562096
c57a4810c932b296,0.6417748285665876
1b1fd32485861655,0.2871431289609733
e346f2b7af63e804,0.4743581179914028
9f7c28381b6913c8,0.7739161715340517
e9754f597ec50f6f,0.6832274684137807
62d53ad8f8769666,0.28942635507788267
f995ed679ef8bdf4,0.9008150805534214
1a95cc401f68f4c8,0.3888562196150149
621e6f0929a3dbfc,0.7037708325315851
fd4d30036a3f3efb,0.26919070624546493
78d2c01dc963f204,0.24919662140374838
ee796ecb4ee8680b,0.7023431073097176
b65b37c0e00074d9,0.6531572699892606
da6b863cf684e0ae,0.2593978464593835
293c5f4c9aca5c54,0.48905370895275774
48231fbd1af53674,0.45691259970617687
bfc9989751bd0d04,0.7699149902903726
f7bc845ce74f5fe7,0.708093137777799
de89bea7b0dcd2d3,0.8835615514734944
dd617f6ab4916ec4,0.5323966162577288
c53b0f678fe2f16a,0.38625110069930757
96704d7ba3a452d9,0.7904607855252499
ac73c6888ee9322c,0.687688579645728
1be27d95bba03f17,0.7489713755464568
dfa8fd0b82b37fa1,0.7307450919821078
ea006bae605e2a6b,0.6945829549861997
5d481ff494bf40da,0.782403674966568
0aae15358d8606b9,0.7563979971132805
09a7f0979a58e6ea,0.6725646963946079
a3d75cc363a6544b,0.7482490317928084
3e1c27f17433f9e4,0.5638225772259472
f9d2137f380e66bf,0.7107563293359102
e4ed294e16e16d81,0.3414133067728506
7f16e7725245bb2d,0.8463773059325117
5d3e046b6bcd49f5,0.5411076440070689
7a0813ec0fadc84e,0.7308812394264214
a5d76e93a5052e3f,0.7443862294375946
2e1435c160bfe8b2,0.7978235587082171
c0ca4c201d086ea8,0.9225082556144506
697efaf0d162e877,0.5756296639598303
49ede01b061cfae3,0.7199268732150662
1496969c1497dc85,0.804705248275076
b3c7a5a97978d156,0.4270702828328755
b78545b32a97ac44,0.6083116460888669
6e1bf1b163b3aeab,0.4589270648891221
bf647be41de365e4,0.6074282342747059
da1b37edb8ccd3e6,0.6372261862419574
23a604f460289271,0.5464498691759554
df146b0592259e5d,0.5211804332466886
eb7b0a6f06dbdb4f,0.2999404836273946
b638646fb297228d,0.45135920391372336
68095e551ff6bbfd,0.7570803484750886
eb76a5b76a68e4c4,0.49852014403455763
e966de63c8e6b1d5,0.7307235460920561
1aa4c2fa5ffaff00,0.8333378300724724
a74a8c1e0a49070d,0.6860038456288199
3a8af8ee23444b72,0.41341605346966953
0197a61472fc351d,0.3966120301268824
6acd1c591170f597,0.36991886944499935
0d6d212fcdf47f2e,0.5430635030264304
824859c7580eb35b,0.8320559623866763
b84c447bb74febe2,0.8539810608339645
75c5f923f966b53b,0.19324757718726462
43de9ff6064361e1,0.31109606858256
0d1af8c6a5793185,0.8244457100983171
e9256316716499b8,0.203790440944042
ed3334d108b257a6,0.5809466766380408
7024385b5107bd4b,0.7714156277397599
821960adf5bfa15c,0.7871735381442999
f23e9729b2b73c27,0.28501500905715016
0ea435ddf02deb60,0.6949749727937634
6532b71560ae39e0,0.7091560074336375
b5ea6535748edbce,0.7707166728316789
7d474fbf31894108,0.7984953003021505
119bc264e2bb9877,0.7007744977107813
3a81276a9641c6a1,0.8449614773582348
ac37849f627a79c4,0.893182961281053
1cf69de0eea46877,0.3599140137158439
57333b7bff20ece0,0.5539912996877241
4c025d1fff9e9fce,0.6598037057749909
83a0fff04494bfc4,0.5971814240258019
480c4dbd2e792d86,0.7997999146427864
5704e73f91b9e7f7,0.6452743672784096
128ab9aa4802c73f,0.33254105691566965
9fe98de1eac21f2e,0.2657594570160034
db49619221b282af,0.5128956104846902
b1f2ec122beda7a5,0.5602312771737977
6e5a3d6b6ed84ac3,0.48880731468630095
f0fe73e650b746f2,0.3387739091384323
16109688429c09de,0.8908738116562666
c1aef0f60a5b62e3,0.3860472042761366
62b64802ea49e2fd,0.5632687556465806
5be63144ac46f97e,0.6500487696154084
73ebbfb998edc1f1,0.7099953684717655
7990b6716a53b2cd,0.8337752465990466
32813f5f46f045e8,0.7332295256298659
d0602cdc04d2c159,0.47577383019968744
02713b2d25f74d43,0.6655737893548449
20bfa549cb2cabe7,0.333958943041045
39c4ae4624052f9f,0.6900920541542324
246d06693b5ca1e8,0.5552725442010288
03eecf1926d9c77c,0.7446794562604577
9feb9500b0fedfcd,0.27226729583533504
84f6de7c99779e5f,0.9233031745249369
5ac1725f775c6f00,0.3208605321528757
35addc4646509286,0.8615534885191191
3adab28c5c6a9254,0.340754706934925
1afc4f372a125c74,0.7710719253947457
fbedeb4e4b019b94,0.6451354959064264
acc57a9c114b694a,0.716192992898923
91093a019d32af2e,0.362061778041744
f9ec8bedc15ece93,0.8018552469542769
abb6e2169ba580d2,0.7907162294691421
4ec249e549309b16,0.5650870520125866
f8a8871d167fc929,0.7536638792586697
521a0e016878d174,0.4487491812137623
3b21a9f48bac4a44,0.24337011228470243
ac8628d945a78b03,0.2176270087183615
1efc813ccd7a5aba,0.8833945907778326
4896b36f1333d25c,0.6125813100440467
3fa8ee3fdc04fe36,0.4662580578387285
477c3b9de012e4b3,0.7496854378205291
03de7404decde12f,0.7411535290503412
5f622d812b8f407f,0.5688400354367742
6f13fe34cb3ca906,0.17295393054697486
d0d99889c6abd8e1,0.4692113971086397
a8239866e1222eae,0.5230801650924741
640f2ae3995b3b4f,0.5149313630270196
f2b407019b2a5c15,0.7767922887521401
ab105e5a56b5ee90,0.46989384480573615
a10e2d5416972b9c,0.38168310978317266
331ddc1141e934d1,0.5906455138818376
670e4754d8d3d172,0.7176199559773316
1a7cd191f0cf160c,0.38113827656107024
ba5005d1116fa45f,0.4950047569064056
97817609ed46baa0,0.28620503676200465
14e53999507c76a7,0.41215001478579705
e1930496b33fa636,0.6270128257581568
4cff9aeef3ac75c1,0.6053755485839195
ca7d61e167d7789c,0.8341327551270513
330d86bfaa4155fe,0.6180957077553841
415ea2520b7ba720,0.7304245122197761
af6d56860ba4d259,0.7865381813233489
733e675fd7c0052a,0.6106533412841763
767ceb4a0cb43ade,0.40675726561855835
6cd542650d886c22,0.6476879210882729
ad26bf55ff201f4f,0.4963733091098649
08f7a60bd84a6b3c,0.3302933143572467
dbfd7616dec2b6d5,0.7171479177027008
9d8473ae274ed625,0.6289428201540506
5304956aada097e8,0.5054782735320218
e7938bac3ec8b442,0.2851187904759204
25259e230be9cdc9,0.6879840176178752
406f2aacd1d1faf9,0.38661345229236227
1456a3f96ac7e35b,0.6918206439315434
f87a3fa07f0009c9,0.6080349376060787
9785420602b452f7,0.7461302068217626
8fb0092430448368,0.2305931862185575
01432891260084a4,0.7318077395768712
bec3154a11df3299,0.5801176144184652
50dae6b76c9c6490,0.2888756624182217
93ddc6b233d1956a,0.28175726334703827
a376f6d5806d0c90,0.4343046562409583
1c03c1bb62f3aed6,0.6919591385538842
d1d3b6ab8a56e973,0.33591154042764515
063e7ce759c52f81,0.5454689489306214
673a156925dfb31d,0.4827724366669442
ecbece0cbd60029e,0.7261421973761993
3b05a4ced6dd74f5,0.6313268887996282
74f5cbecac011abb,0.677032588139883
3ea7d69a1238f26a,0.8322441355121498
a7d397cd0f2ac93a,0.2357036881574625
32bd7ed48f5aea7e,0.7538059772125902
024beecfd3f0ed7a,0.24337474002088344
5a82757b553c40fc,0.23723020496146333
df3cc5ec78d05a71,0.7937968150438627
838fd9d2b14e0790,0.38070005079464175
3d3dde60e3d59c1c,0.1686249377665965
f0a9dfbb6f6ac852,0.6283949030417068
7bc7af11050e861b,0.6578392985352145
ebb758b49e82d0ed,0.26395250137778586
8baff440b82afd2b,0.8925201805510773
0133019a4f1055ee,0.6278083943030486
9861b6d04e6ed43c,0.5237783119458688
68f7f992603192c6,0.44109013193772484
6e73ebbd089aff5e,0.20295185690355508
894c44c3d04aaf6f,0.7896185085787978
451df53c13185584,0.6283521263270873
4f20f3ada1489823,0.3973428186889147
569e0ba18701c305,0.6422505650451136
acc7392d48cc09a0,0.4302784903282177
35f9beb94b4ef9e2,0.24759486278418605
a7fd9da657bbce8e,0.5199275683205562
8bc0c220f7dcefa7,0.5918431632682493
3223b7e196a07224,0.2872162451830484
48ff3f1bcefbf965,0.6296644801576474
8c8337ce8437fe2e,0.7270275146804961
de7cb625bdec0f91,0.48965603947520636
72f123ddb4cc9d1c,0.5290490235752116
127be512f86618b2,0.5394336929079977
d564e3a6c77d0c85,0.609567853188414
cd6452a463ec8a28,0.7709614103696821
ce33085fc5205bab,0.3670495144389832
976abc27a4e5e26a,0.8593242407765782
636b01ee49925e49,0.3049287859411599
eb9f9f61507497a5,0.6895407858334212
91aa08e910fb4412,0.7086566116514219
e30250daa73005a8,0.5391100206216891
77992b8727382373,0.4805949976214733
de12349f334c964e,0.5124166038628719
0b9cd718d7e329e8,0.2529977996415752
47f8812a335b6ce9,0.3433633087243283
6ff21ea2c75c48ed,0.7092146647156479
32375b4435fea5e6,0.6780649540804663
9c22ddb8d8fc1838,0.6743891701940286
3ce96bb0c69b39be,0.8399870179013397
3ab0d8b344d2ebea,0.6557100736965201
efdad54c8550e6e0,0.6628173123162696
18824fa5c15c212f,0.7585743855839391
538ca98010ed00ec,0.5404575982832174
d95f21817a56eb05,0.308038918950391
eda1e8c285a0a788,0.39189249619011546
0c2e3988793b418c,0.9365545672501081
01f7c28804746979,0.3070127584645677
cf5e8f98159c3971,0.655128287858376
e4931f3ab3bf4141,0.609977754224827
0976778a6e6cf8a8,0.2940291825162028
417049c7a3d65ccc,0.5691646871647374
681cd3cc6299d652,0.4574115155752457
55231cc4112334b4,0.24816795275699574
6ea77cb62aa2f276,0.3054718377930666
7ca5604d99220e88,0.5976661104898378
f41e83de703acf85,0.620671334728064
a0cae57eae875820,0.6014591760685086
fe0f1b418e6d3ecb,0.5622665627845059
89db7aca37b87711,0.8854050713302013
2faf5b8d708f8e94,0.33025818642244764
8a121f9c48f3773c,0.3726033457732342
c456b1950208e0b2,0.611426569411257
2db0998b24c11ea0,0.18518641844022546
3e74caa9fff4a5eb,0.788293060207613
a8718a3419a11e15,0.10339910159516065
b3d88eaea611a4a8,0.33609567074777336
3f419fce8ba8aa0e,0.6108499300627334
4b45f190122a1ce1,0.37542390909179246
ec5d705232983b87,0.5830810248906877
8d9bcbb48888a5a3,0.468639158954333
420a5e3b4010ebef,0.5715548429350902
e98eb6de29c62c9c,0.5754989773425464
8aa07b6cc40f0cb2,0.42419330692596857
6c67aa7063717a0c,0.18551453382481675
a049c12f43914449,0.35921664261296427
b78a222fb448aed4,0.6922305678452545
6f0f84075fa1a4b0,0.4648369691799912
63605e9f3e71d738,0.3593046803605581
fc2bdd67c1a056a4,0.7673156189223226
b5df5a0a0bda9256,0.16677612867408997
5dcade01fc840da6,0.6716457247757056
20220ace492af368,0.6849606526567927
85ddb65429a9d517,0.5058556118957793
17aa636aa98678d3,0.2995443531099258
7d9bb6fda0ea1ee0,0.2794974555215376
b7575b0ec9f81741,0.3534828141075411
cf306c4714530f31,0.7766187199436926
c0af8cf5befb2dcf,0.8548811401959021
ee24be90a01f552e,0.3289763171059732
fd2d814a8a23798f,0.6265873088835862
b5d5b8e06ccb70a3,0.2762652148646691
605c16fa5a803b15,0.7763466381551616
9e7538a788e6d789,0.8068955422010802
1a0031e2072f21b6,0.8649521787016451
753735b48b1c20b9,0.3579451527449573
e976815e397c40e1,0.49992154252161686
4c0adccb34c1d995,0.8587524567501161
8afe89f5c451b372,0.2820072819167773
251983e1bdae20fe,0.3942072341366881
393f9bc7b51791a6,0.6182084487914521
3b12094dd48c2dc5,0.46015147030314835
dcc0c53100fa1dd2,0.7200893478276392
b34abcfe4c2e8a57,0.8032001393863775
2d12ae4683bbf433,0.47349688375936694
052f53e006b28132,0.39243750648255454
94f5b35b2b6c72b1,0.704024387171397
e47523ac32bfa24c,0.7497769502374036
6f31285305881fe3,0.32249542111074536
ab7bc93bdf4132c4,0.39169964165086557
3b1438e9ec64990e,0.8562346288442617
fea3a0643218e16b,0.4757870416322655
78a7bf038e56881d,0.8111500433579407
6bdb93f9b4581bf6,0.31926192348989363
7f14be4e45bca6bd,0.24070199803213016
8db5cf5df713a7e9,0.31227954209686876
de1acb6803ab3f14,0.8190458867293458
774fb0c0c1c2bc6a,0.6952849323467709
9d5f562e0572058c,0.7021999762567541
8ddd53a7ed3754d5,0.7042400621311345
cd3bb8a2824fbf22,0.6779794561967467
eba46dbf9cdd83c0,0.6361636523015365
bbe3d8a37a276511,0.722700354341635
3bbc222130d9dac7,0.21981582567317873
5f8a92f10e5451ce,0.8164700140000927
2b7883b304b3df1c,0.45222981708990684
08489fdfb56ee19c,0.30713646155048757
daa6b47be304ec86,0.7015828390360986
fbf77262d8da342b,0.7873833772337709
bf878c083a6b30ad,0.4004946196257269
fc8ad0c7fc70dde7,0.3934292558437467
bca5d01f8775f852,0.6097616469317214
25747d81ae5c6564,0.7709520101276234
d8e8d41282fc90dc,0.5297511652754179
5eebde8fb4d67259,0.720841997626219
80108a70c4afa6c2,0.6494756914766069
46fa8e79fe8a9539,0.5287073142116849
a63bb85cc39389c7,0.2878859933970447
dad759ec50508147,0.886868670529712
54de03e04f571735,0.4390045085732773
dff8e4ef87d69516,0.6233888660002359
836e9bc5c1f6acd3,0.3922359520731448
b3f1253d0a991791,0.7367731674334658
40c18c6d64463809,0.22301245966133737
6e6567a98ea78891,0.7727229824670756
ec8bc554a0646638,0.29274362928378084
94541dd979e0b4bd,0.6253986975896937
9eaa33f874bbb999,0.4691518283947347
120ec60ad18cf6c5,0.630696940615138
a5558e8fec59a687,0.716600391691784
3183dfe66fcdd25f,0.7781514899226399
026bb9fd1b3f239d,0.6980720275620392
16b0a16ab2e20fdb,0.5428264833290583
d6e240c47ba6034d,0.6934094302034636
9d8c32c60df0e287,0.39598332996824
45e6a9b56ee3a9d1,0.819924944524247
8a2e28da18ba6a25,0.7671245739044494
f02fed4e98048471,0.6404597760995515
3e2bde19e752f64b,0.49896582550236446
ec434314c5438fc7,0.691891046738021
ec5163539a133f17,0.6496375704040954
e6851877e33d343f,0.8060593335294218
d038ff5ac21094f3,0.4481967402749473
637f792270a0c746,0.7900962831181816
1cd63899011c4bf6,0.19979982463532622
fbbb703581440496,0.6832750194636007
de767dd5216bcad9,0.6120447999945403
2d39c26876246223,0.21380985906193528
bb85e207eba236bc,0.406201328874366
b38450d9aa0f52b8,0.8083751510592696
33655fd07cfbe034,0.23185491937756716
cd9851b8eadb53a9,0.8226732338204817
6bcaa0de4003cc41,0.271214741344918
1332c1037c955d82,0.42198527123159263
e72a2130e7387637,0.294249778538647
84973bbdffaf0d0e,0.4253282084622607
ea824ac4b8ed8a35,0.7388693792917596
ce75f5ecbc0d3dfd,0.9406393635910012
bfff6cf22c1c569c,0.8562933513253844
43ebfc8914a39061,0.6022902035472387
ea4ff1d77928b029,0.38742939484512706
3c319d4659e6c8fd,0.35160907449553913
dd3d8f7066c145b7,0.5147834366922805
059f5cf0e9e37627,0.7740901809282121
bf8c5effd23f69c4,0.4491744634969096
6c44af21414e4143,0.5940608610296608
ba8eda6993922ba0,0.37710706024151003
560f1e26c2a6690a,0.41113254452776543
2cbd53e43d3f606b,0.7644253018211795
ae50a1a655b1a8f6,0.19338025554192334
15805ae1eea3343e,0.29258024359129686
f734b497add754af,0.5902194831844167
6e9876d2be2bbd02,0.46218514553101087
69bde5bae0d6ec4f,0.3998761986928831
abfd5ac6cf186d8a,0.9168544505692259
b80c6eba11c54778,0.8201127695251258
75fa9c0bb31caaa3,0.5214885219798109
fe59646ebad8b6e4,0.2404150162643268
453e6f2665c85fd7,0.6729916686334124
ee9ade72b44dfa06,0.3531429152162116
3cdc6fea724be133,0.8982066392814798
dae8ad2e03aa4a9a,0.3217489234425471
3733d100f7bd5590,0.39572681627929357
78b506e5092a27fd,0.6997386499195248
27d98a8ee6608e27,0.7755539009336078
2335e75ce63805b6,0.2781174039699982
3146e5a47a922976,0.46986314672719304
eedc7fccf7037949,0.5970505985137974
47d978a984a163aa,0.5300102059135575
d063d46208c560b1,0.7408310636129434
e01019fbfe0e9528,0.8081497711120701
3599e9de4ae0e171,0.8547798234043998
d806aacf5b6ba7f6,0.5891064811040989
f114929ed709606e,0.9016581853732887
45f00a42a17f8e2a,0.5405560086060419
19706d8ba0edf9cd,0.38380437347234064
62ff1e5deb124ff5,0.6609620031485713
7ca4c91bab696b89,0.2665713506455418
84b3577229880760,0.3553203931162205
58dec0a39cdefa3f,0.792064128530962
ed5b6681ab4e83e5,0.581449419040761
e8aad69aace1d31f,0.5310800699520691
69bca5091b2a31f6,0.2941386036248026
5931cd9cf5da5f75,0.34776786126676457
3d7d82fff71e395a,0.2874793818460984
8c5e06c71f392f33,0.7503322666100913
57415110bd494c79,0.7438715896544209
69a5895fde58432c,0.5729159584825108
f690949d90ff1dee,0.6573263108221497
98c29ba02cee5ba3,0.7494085279150198
ee5c0b8a757992af,0.6792908262284664
6fa2dae90bda4742,0.3098047428216678
998bde5639c61adb,0.24584088301916748
32b8c6c4b735d712,0.36813563039178
308f6cb830019ea9,0.3733870180976965
c61923255389e67c,0.23422358738873064
0599f35e6679de02,0.43357386499526124
503d7342cc08109f,0.6632991961171635
f01b97e864cb4b8b,0.1925733034843444
a2f2c64f9fb3fb1c,0.7081328476250689
bde635a4f345bc3e,0.678776457144778
5c783cd188425783,0.8691883603232301
df7928de73fc2fe8,0.9200572727958438
af6eeea1cfe33240,0.5445615716871847
919e3c5cc6999cb3,0.3372035090860311
1d65c141776949d6,0.8354105082885069
108434acbbd75d26,0.7283349975726703
cc11a0762f246fa4,0.7284878483324956
b09f54654b0f95f5,0.8014338125289205
b8bf186f884678ea,0.21639543808493344
ebf7cea27b83c432,0.7960292593392636
c9cef59a5de32219,0.41811323183397725
f93b074dfd47b4b4,0.6990715626272557
de084f0d65421cfa,0.6370124648457673
5256ba94641a4284,0.3909128536301577
24581e2b39fe3319,0.6077083046487114
b989d4d7e220b3c1,0.46397591079514033
d29a82322bb083d9,0.6986199918617857
6ad594777cce2d7d,0.6798185702220697
7edf2fe3a8776a44,0.44572807935559533
799acf3ae8a5df0a,0.5453057925052677
582846744e379178,0.6709873100735139
6fd1edb58d271f7c,0.2935856207095846
6b9ed3867dd42b3b,0.424602964357694
73f451d894a1d4ca,0.27461629830829676
9676a4e9362e4bfd,0.2905476914237125
00414fc5519233b4,0.6047379606326275
6c1faa6284428e5d,0.5487653724529019
35c8223cc967fe0a,0.7040277683053473
2a930e2d7e1f87a9,0.5794407720834404
55eebc2ee92bf00a,0.772294286557541
cfd3e62c638fbd1f,0.9098331681369227
4f4189009a190e35,0.7599085998895341
b35e47f2f58ef026,0.8935609853807295
86a2f07e0bf20297,0.6810840876782924
f5f28a8b472b8012,0.4846635090215534
02ec66f311dce539,0.31239504330795254
bec57d7cce0e6257,0.4030826741467644
f53573316a4f349f,0.7526327232125877
eb94412f15c62650,0.741666032405883
72b12a837290b327,0.09139421853344495
a5c57b0f49e9f61c,0.5180568459608276
d38029cf47e54cf7,0.40150808675309657
0f16d83859d608c7,0.5684296902072462
7c0d0a28a8fba102,0.4225353225091462
df30514e0674d598,0.7279688302358743
4914f7bd073c6359,0.42461637194757806
97caf8fca9d9603b,0.8369392653970952
089388c9f00ce9c6,0.6112364663800465
0292b9c31c0089ac,0.874120628472904
f706508c52f337a6,0.7617998771539626
1569186ee820ea87,0.7143407582983876
b40e4deb48658851,0.511563981401546
cf258c17234d649e,0.4235211326565329
ebeeed2595266bbc,0.6222623960384898
b0be38110c2d8b84,0.7478485078114491
9c24c03131d5b49a,0.6262044421788809
5238f6470d0557fb,0.4695560379586686
7b1bc4ff776f12c1,0.8434327898934754
1a635a5e4551e7d5,0.7354441404617381
7521015554088962,0.3553994345835889
00c6a2ef07ca51da,0.31018970012773445
